CUST_ID,CREDIT_CARD_NUMBER,BALANCE,PURCHASES,INSTALLMENTS_PURCHASES,CASH_ADVANCE,CREDIT_LIMIT,PAYMENTS,MINIMUM_PAYMENTS,TENURE,DATE_OF_TXN
C10001,1096-1728-8906-4460,7654.01,755.87,535.36,294.67,18361.27,7437.12,3578.72,31,2024-02-27
C10002,7996-5146-5890-5404,16815.57,3435.59,1041.89,766.62,48698.09,2806.53,1109.79,24,2023-10-15
C10003,4825-5109-5257-3762,14690.97,1803.16,23.25,1771.93,45533.54,2242.47,1445.91,26,2023-10-13
C10004,4091-1524-8476-9072,11508.82,3751.66,56.0,452.97,30683.37,2104.22,1416.98,22,2024-03-25
C10005,5160-7420-4840-2621,13417.49,2997.19,2281.97,1690.71,45314.38,9946.72,1539.83,2,2023-07-29
C10006,9404-8805-6547-5850,10672.13,3944.38,1139.05,404.56,40261.01,925.79,371.63,9,2024-12-15
C10007,2570-3318-7221-4372,6994.06,4982.39,687.3,1232.61,27995.78,532.17,439.39,5,2024-09-23
C10008,8091-7671-0685-5256,18583.6,1248.19,873.24,1815.49,9442.44,14867.9,5423.8,29,2024-06-03
C10009,8865-2673-1119-5939,6779.09,2008.53,1950.66,238.14,14979.92,3067.94,2807.6,4,2024-12-07
C10010,8738-2512-9148-3058,19369.32,2426.2,1449.7,1655.84,9019.11,6989.88,2941.19,22,2024-05-28
C10011,8725-4390-7021-9867,17997.04,3785.95,2809.22,275.28,49092.88,14413.26,11313.9,31,2024-06-30
C10012,0957-4687-1325-6461,4809.6,3153.25,1347.7,1103.68,37867.5,1175.27,782.34,17,2023-11-06
C10013,0199-6116-3206-7035,5279.24,286.06,127.06,2814.74,22857.2,4294.53,3001.09,31,2023-06-29
C10014,0532-3226-8833-9971,8787.68,188.42,179.23,321.63,25228.15,8181.99,2482.1,33,2023-01-07
C10015,3941-3579-0384-4165,10955.78,3516.27,252.02,2789.35,25562.42,119.77,71.37,36,2023-05-19
C10016,0164-9646-0849-9204,9866.16,2851.15,877.35,2019.25,11805.45,4705.84,705.8,33,2024-11-04
C10017,9807-7401-6856-9960,13183.49,3852.76,123.19,2421.85,44965.32,9658.73,6417.91,18,2024-03-10
C10018,7953-0791-7784-6219,6142.24,2938.75,2458.3,2238.63,18347.03,3840.41,2067.67,15,2024-02-24
C10019,6778-6713-3787-7118,11815.83,3256.02,1903.66,2431.15,18964.83,6435.35,5995.23,35,2024-02-10
C10020,9716-4970-5088-7540,19631.36,3413.51,690.87,2046.43,37396.69,1755.36,1220.76,32,2024-09-03
C10021,1338-9404-2886-3398,5087.95,3984.67,865.59,1336.81,8864.63,2762.02,2570.23,10,2023-07-30
C10022,3669-8641-0933-6494,1817.92,2142.09,2107.78,1380.4,42969.73,1342.94,828.88,25,2024-11-13
C10023,7562-5737-5452-2277,9645.85,4729.38,1337.72,2614.75,38972.93,1354.84,1030.29,8,2023-05-15
C10024,4320-4014-0065-9062,2693.79,4472.57,3014.39,2520.36,28990.88,2037.67,163.05,5,2024-08-30
C10025,1809-1692-7700-0500,9727.13,4662.56,3997.61,727.19,24200.44,1339.99,1320.81,25,2023-05-11
C10026,5292-6172-5902-7531,9607.89,1044.78,318.41,2471.7,5594.58,5915.84,70.44,30,2023-09-02
C10027,4497-5618-8369-9972,1327.78,2530.52,962.97,2199.57,19469.48,380.83,172.47,32,2024-12-26
C10028,2016-3734-9715-5546,12333.67,3830.77,216.4,122.2,30256.89,7993.91,3819.07,16,2023-08-18
C10029,2543-8461-3223-7398,14970.5,2829.84,2239.27,1902.49,32538.16,11192.55,3937.12,11,2024-11-30
C10030,2204-8916-7849-5983,3047.02,2955.81,2713.27,2773.33,37650.04,405.74,177.34,3,2023-01-11
C10031,3062-2384-5801-1119,2428.23,2109.63,1866.02,45.56,18471.07,2019.26,1562.84,9,2024-12-19
C10032,5416-8552-9716-2031,17147.42,1446.46,644.17,2853.26,14704.39,16943.63,10143.99,4,2024-12-23
C10033,1584-1435-1796-9496,8220.98,3214.16,106.0,1057.13,21535.47,1306.88,215.21,9,2023-11-09
C10034,4364-2718-7612-4872,12882.85,1945.2,1085.33,1732.97,25378.81,4230.3,2062.52,9,2024-12-04
C10035,4689-4205-3432-3148,18606.98,3399.83,1814.15,335.64,12973.37,3218.35,1290.08,26,2023-07-09
C10036,0699-2035-3765-1050,12839.58,429.48,311.43,1001.25,47414.78,3286.33,2747.83,16,2024-08-15
C10037,1152-0412-1140-5551,3635.3,3893.49,1364.81,2543.94,12819.38,528.67,70.33,3,2024-09-27
C10038,8879-9743-1591-8455,15694.46,1024.5,449.12,1542.55,45837.38,5482.74,3720.56,35,2023-02-20
C10039,5689-9743-3759-5590,11552.86,1161.58,152.02,1579.71,34586.78,416.06,171.81,25,2023-08-28
C10040,4351-8130-6809-7365,5952.19,2152.77,975.58,1042.62,7573.75,372.85,231.98,15,2023-01-19
C10041,5791-0908-1543-1320,5706.4,4040.36,507.46,1633.82,42505.45,3289.34,832.18,10,2024-12-24
C10042,6445-9914-0330-4562,15208.28,2714.23,655.01,312.43,30833.34,1948.72,1361.78,33,2023-02-06
C10043,8894-9953-2533-5485,2634.75,1433.03,482.03,1856.91,36354.43,878.27,655.73,11,2024-11-05
C10044,4305-0876-6242-3188,7851.6,1412.53,959.2,1302.93,7994.02,3509.37,279.12,18,2023-03-07
C10045,2825-2460-7652-8261,17557.23,4081.03,1864.88,1837.98,43346.32,9728.94,7421.59,18,2023-03-23
C10046,0262-9125-7468-0683,12002.55,4744.19,249.27,809.0,23077.07,4958.05,478.91,6,2024-11-07
C10047,7674-8761-7100-3222,3518.47,4634.24,139.79,2206.61,34450.49,829.33,261.31,32,2023-10-21
C10048,6140-3342-8138-0412,16577.46,3513.92,3341.61,1298.74,41556.34,12398.36,718.96,22,2024-07-25
C10049,5288-8391-3213-9953,6374.01,1118.91,546.57,1244.14,44765.91,6325.71,388.09,26,2024-10-04
C10050,0652-5858-0645-5232,11809.5,2921.41,1861.01,2641.29,19225.71,708.56,590.56,6,2023-05-17
C10051,7407-0891-2658-9923,9810.82,3046.15,2583.56,1320.4,15630.22,4886.29,3588.17,5,2024-12-17
C10052,4871-3074-7710-8197,17091.05,3097.43,2942.62,1624.44,23343.32,2339.79,1144.5,6,2023-04-14
C10053,7986-5704-0620-3218,12945.84,2696.4,1328.49,2282.96,21383.46,10100.54,1886.69,31,2023-04-18
C10054,6994-8200-6984-5918,9574.04,435.81,49.24,1513.07,39861.37,7182.71,5235.0,15,2023-08-06
C10055,3590-5657-0955-8768,6318.56,2590.94,234.77,1669.48,36638.12,2992.78,2655.12,16,2023-02-23
C10056,1166-6968-0089-1172,5812.66,2680.39,289.57,2643.16,26780.17,5243.39,547.92,2,2024-02-02
C10057,1903-2498-9798-6208,6595.22,4627.44,2867.9,753.27,41612.31,395.07,32.1,3,2023-01-19
C10058,5853-0581-3262-0879,3758.89,1378.93,101.92,1523.39,35348.58,490.12,150.81,26,2024-06-28
C10059,7282-2797-2466-2992,13000.37,4079.03,1058.61,2024.31,11076.39,6441.25,1900.12,18,2024-11-03
C10060,8911-5219-7901-0542,593.8,1867.05,446.05,331.31,10273.05,436.24,61.74,8,2023-01-27
C10061,3874-4611-6413-7298,17501.69,4927.51,2006.18,2505.04,47052.62,9808.93,4931.83,34,2024-11-18
C10062,2926-9951-4083-9302,8824.78,3092.68,1750.49,986.82,48029.59,3053.74,1066.96,3,2024-12-29
C10063,8041-2024-9720-3125,4436.11,4412.63,3181.94,737.89,33187.3,230.83,120.28,31,2023-09-14
C10064,4319-9308-3270-8259,16828.96,2089.38,1711.04,555.8,49742.97,2655.12,242.91,17,2023-08-11
C10065,7079-8619-1516-0135,19808.0,4583.04,2294.38,2453.95,49094.01,9575.12,6294.85,2,2023-03-23
C10066,4830-4950-7833-3830,16987.38,436.75,297.94,1968.4,34460.9,1638.79,1625.43,20,2024-12-23
C10067,5074-8958-8112-0766,6827.02,2733.43,1047.45,2046.11,33219.46,2585.05,2358.27,1,2023-05-22
C10068,8630-4600-8529-2402,8165.99,4477.3,2753.84,212.87,7055.98,7977.35,1920.56,3,2024-12-22
C10069,3342-6892-4660-6361,11220.8,3785.47,752.84,1109.94,22106.47,9121.43,3357.78,11,2023-11-25
C10070,3033-8355-3833-0194,19557.44,3452.71,3099.55,395.54,8216.12,16265.96,6193.14,36,2023-06-18
C10071,5257-6770-6623-7577,5535.81,3531.44,997.52,911.92,23962.01,565.16,18.33,7,2023-07-20
C10072,8687-7499-1131-0706,1550.96,218.31,91.91,2730.76,33072.23,973.93,371.8,1,2023-09-10
C10073,6808-7761-9730-1971,13030.28,4239.68,3433.01,2129.87,11439.52,2822.58,2165.16,3,2023-08-10
C10074,4260-6732-4100-6042,8036.98,1199.85,1096.38,2948.61,18156.13,2545.9,1731.07,6,2024-11-19
C10075,8768-7795-7261-2788,18408.85,4166.81,2523.72,2985.8,43131.08,4682.66,4673.45,2,2023-01-12
C10076,6237-6274-9162-4649,11971.68,1760.77,1413.64,356.96,39624.35,3354.84,1811.48,20,2024-01-19
C10077,9820-0389-3335-1696,4672.43,4252.7,3392.94,1003.83,31759.56,3959.31,2654.06,3,2024-07-08
C10078,5175-2243-1224-1771,2905.18,1501.74,511.02,598.06,45517.13,2867.1,1475.43,23,2024-02-09
C10079,8447-8521-6228-7922,8467.36,278.74,97.18,2092.44,12946.05,571.36,120.02,8,2023-08-18
C10080,9088-0432-7672-1419,18231.99,2676.57,481.98,2190.91,6878.15,15373.16,1544.89,23,2023-12-21
C10081,0321-6605-4353-3119,8737.38,4402.39,2496.54,2892.86,33439.51,4927.59,1914.8,2,2023-01-15
C10082,2804-9303-6902-1141,10713.66,1820.78,1124.81,1313.88,47110.69,7435.29,340.81,32,2023-07-20
C10083,8572-0969-2204-4871,15528.52,2503.82,193.95,2830.46,15629.12,11529.79,2452.33,2,2023-02-05
C10084,5812-0108-5990-7791,3631.89,4535.16,2523.6,204.74,26269.08,3628.91,3113.07,24,2024-10-05
C10085,5594-8297-9255-3693,5491.39,3047.97,501.96,10.91,28057.94,620.82,308.17,24,2023-11-04
C10086,8617-1277-4410-1484,5491.94,4040.86,1695.78,729.04,49404.14,4992.55,3239.82,35,2023-03-13
C10087,0909-1438-5059-2964,16878.56,137.93,45.15,2572.45,26078.53,3825.05,1644.05,29,2024-01-24
C10088,8183-1689-0072-7569,13543.95,3355.28,2694.0,1693.69,41889.06,2463.34,1441.44,15,2023-06-24
C10089,5083-8990-3499-2632,15062.24,745.68,688.37,119.54,17027.14,9187.17,2637.59,13,2023-09-29
C10090,7944-0420-2088-5212,15624.52,4495.12,1145.45,960.69,25974.36,4213.76,2720.78,11,2023-03-21
C10091,2467-5105-6477-3695,14756.15,818.78,278.92,1344.06,16385.3,4362.47,2244.51,4,2023-04-24
C10092,6064-5607-6990-3908,10683.96,4496.9,3452.32,60.31,29028.23,649.97,148.55,27,2023-02-27
C10093,6498-0684-8143-6962,9478.58,2384.91,52.9,1666.08,42126.63,2276.28,1969.42,8,2024-11-09
C10094,5020-0608-7215-5343,19121.96,3811.44,666.48,2259.28,23548.47,8897.55,171.39,29,2024-11-15
C10095,1144-3317-1079-2575,14310.72,1841.28,179.92,1333.24,31152.97,4421.93,109.28,27,2023-02-05
C10096,2261-5825-4064-8996,16415.65,3520.03,2299.8,1144.15,40203.61,6577.07,1532.49,1,2023-04-22
C10097,8969-2242-1718-8738,1249.61,2495.57,1754.21,99.07,25492.39,445.03,284.24,7,2024-08-04
C10098,6073-6192-4482-2747,13141.75,3287.96,243.11,1796.56,36415.96,5914.3,1151.61,3,2023-04-15
C10099,9177-6613-1381-3192,6473.62,4944.38,4685.23,1084.26,41932.93,2855.76,2280.55,25,2024-02-16
C10100,3160-2905-9519-5407,7686.6,4339.83,3099.03,2790.34,11379.53,7164.98,1435.81,19,2024-03-19
C10101,9891-3384-7674-5880,1764.28,1678.86,691.63,2297.94,45112.22,728.57,433.47,22,2024-03-08
C10102,0412-0861-5134-3138,3756.79,2445.92,1056.92,2830.18,25441.01,1021.39,651.83,27,2023-05-06
C10103,1196-2875-5302-6593,2041.93,3382.74,2573.64,2007.73,48284.03,566.79,398.87,12,2024-02-26
C10104,3087-4444-1750-8727,5715.91,3863.93,1546.46,942.55,22961.52,2698.61,2069.6,32,2023-02-23
C10105,6864-4309-7001-1086,6103.82,579.82,555.55,1848.17,48486.3,4185.39,2169.6,22,2024-12-14
C10106,8394-9361-7056-2925,6968.48,3681.27,827.23,845.3,11250.61,6455.78,3668.05,2,2024-03-04
C10107,6087-4468-8698-4335,5157.45,385.91,13.12,1979.78,37787.84,3987.24,2184.6,1,2023-07-28
C10108,9388-5623-6854-3762,4790.54,4633.15,2485.3,287.25,8247.39,3189.53,220.28,25,2023-02-08
C10109,6253-3998-9966-3564,18159.05,3442.93,827.63,2229.73,20017.93,2325.59,1390.9,13,2024-04-21
C10110,6527-3072-9207-1892,16518.24,3277.75,84.48,576.88,24140.42,12769.3,715.8,28,2023-10-10
C10111,7512-5600-8013-9690,1947.14,3905.29,2133.58,2745.49,41142.57,439.93,224.39,27,2024-10-12
C10112,0605-1196-5862-6085,12620.85,1138.08,793.12,2397.47,32693.86,7635.13,6878.26,19,2024-10-20
C10113,4014-4982-2772-1147,16215.94,1575.91,228.52,2369.58,8149.73,7438.54,4453.18,16,2023-04-17
C10114,7617-1043-5652-1478,14013.47,3783.69,3020.76,2124.72,45729.96,926.89,666.72,30,2023-08-08
C10115,9805-1750-6049-5847,11041.13,3151.27,1825.32,990.79,29113.99,5216.73,1475.66,24,2024-10-16
C10116,8960-5477-3908-3371,18376.35,4073.4,3708.65,360.91,15062.85,6206.32,4870.02,25,2023-01-10
C10117,9717-3368-8426-4935,13553.76,1199.71,784.53,864.2,47737.15,13471.57,6016.53,29,2024-07-28
C10118,7144-3032-5107-7807,3119.19,753.57,743.51,2931.81,16016.44,590.51,408.75,33,2023-06-20
C10119,9632-3327-1301-2194,5615.09,2409.02,365.2,843.11,18701.12,3149.08,441.76,13,2023-01-19
C10120,8555-5643-8735-2941,11480.42,370.34,63.75,2105.63,36729.58,4682.44,605.37,4,2024-06-20
C10121,9659-7489-3994-4926,13855.69,226.5,189.68,1878.46,14213.49,9124.44,2357.44,14,2024-04-21
C10122,8634-9568-7208-0944,1983.37,2961.48,749.83,2276.3,42001.15,1185.37,36.7,32,2024-10-13
C10123,1890-0759-0142-6332,4851.65,4451.0,1380.73,2258.98,43469.23,3509.93,419.17,18,2023-09-03
C10124,8581-0545-3461-8123,15601.74,1434.59,565.37,456.87,38704.66,4395.93,2715.1,35,2023-04-07
C10125,9019-5763-9221-9459,9045.44,4992.41,442.44,161.39,22852.59,6180.53,5347.24,12,2024-03-20
C10126,2318-7291-3825-1617,17332.63,3339.04,672.3,488.33,8248.73,6371.25,3359.04,26,2024-11-04
C10127,1485-1881-2425-3278,7358.21,3463.94,59.48,2627.07,22098.88,4287.68,2933.32,4,2024-01-04
C10128,7773-5494-6782-5814,19019.25,1600.95,234.13,2738.77,37327.05,2338.99,2281.53,31,2024-10-20
C10129,6348-8398-4215-1097,8545.4,1758.62,237.74,2600.24,14829.92,8041.58,1269.21,14,2023-09-15
C10130,8240-6712-3971-1898,17601.46,3533.67,1120.55,1450.27,42206.88,2626.84,2038.33,27,2023-01-29
C10131,8552-5316-0254-1424,19897.41,966.84,813.24,1434.26,34834.62,2957.18,2789.86,33,2023-11-15
C10132,4154-0558-7236-6384,12141.3,4244.46,635.79,432.22,49964.94,782.09,717.59,27,2024-08-16
C10133,4915-0364-9868-2561,2348.99,3343.98,728.49,671.05,44512.22,794.18,455.7,22,2023-11-14
C10134,2821-9503-9779-5182,11161.13,2580.25,1516.03,1623.76,13490.62,10461.93,5065.11,1,2023-01-09
C10135,3494-1177-2294-4933,4858.9,4749.27,4381.75,1561.33,14585.13,619.48,443.09,7,2024-01-07
C10136,1843-4296-8914-8710,14100.8,3938.87,393.4,2880.97,13625.99,12163.44,5738.04,19,2024-10-26
C10137,7455-5366-5967-8372,5621.37,1184.6,910.6,879.63,37094.36,5535.08,4679.64,31,2023-10-26
C10138,2318-3871-1425-6959,6972.89,2766.86,1202.38,1575.02,41051.92,5609.33,3461.64,18,2024-03-31
C10139,4569-6680-2364-3539,8277.21,857.83,596.77,11.27,39732.97,8189.04,3739.05,25,2023-05-20
C10140,3067-6445-4311-6364,15105.54,4084.65,2812.51,1618.46,14850.83,1853.1,128.9,24,2023-06-07
C10141,1910-2296-8077-1620,6013.21,2769.94,2541.39,2418.34,23185.63,3443.67,3285.77,3,2024-11-03
C10142,3608-8565-3702-3251,10203.09,589.61,529.4,2691.28,40938.43,8655.01,5405.39,1,2023-02-25
C10143,3502-8008-3235-8063,11748.53,4345.58,2766.48,543.08,30741.79,7629.95,7416.56,25,2023-05-13
C10144,9909-9703-4033-9041,18666.12,704.41,7.03,2713.04,43548.14,8214.57,1516.0,34,2024-10-15
C10145,6306-2736-5832-4018,4033.77,444.02,127.12,534.55,16573.25,3112.84,2123.82,18,2024-06-26
C10146,5505-2318-7310-8674,18443.28,4449.47,564.87,363.27,19237.81,15185.28,4523.92,21,2023-07-09
C10147,0293-5226-5185-4281,10281.96,4749.24,1022.44,227.79,31275.55,7815.54,1118.4,17,2024-07-24
C10148,9544-0859-5004-3819,2860.5,4111.62,3818.62,1916.73,33756.13,2368.14,2004.69,24,2024-10-09
C10149,9772-8779-1617-5785,12132.38,2143.66,1283.31,1629.0,34327.8,11132.5,10561.57,36,2024-02-23
C10150,9073-0980-3981-0118,17267.69,3187.17,1431.75,2622.43,26938.81,11308.67,135.73,8,2023-03-23
C10151,6881-4218-6675-4389,8913.12,4624.52,2415.19,924.32,21977.66,2310.88,1623.74,8,2024-06-10
C10152,6221-7785-3387-7888,16128.36,4189.27,2897.56,1202.77,28500.47,1099.93,78.96,18,2024-05-12
C10153,5683-9899-9895-0818,9458.37,3939.47,2562.68,373.8,13504.75,745.57,639.53,29,2023-01-14
C10154,7993-5506-8865-9632,18034.11,2250.98,1889.59,2431.16,12378.41,6553.84,2324.15,35,2023-08-28
C10155,6532-0072-3658-6988,18806.45,2451.67,1993.56,1937.22,37793.58,10308.63,4688.63,5,2023-01-02
C10156,4440-1521-3077-7082,10769.02,454.87,133.52,2825.3,7264.09,3006.28,44.32,34,2024-11-25
C10157,8612-5767-2887-5020,10512.72,2816.23,46.48,851.12,40635.38,6365.88,1318.77,29,2023-03-27
C10158,5955-2017-7212-5801,9038.09,3382.03,107.35,1913.89,39023.86,414.84,308.34,24,2024-03-02
C10159,0068-8332-6223-4968,11695.53,4851.36,3032.88,2857.33,35826.73,2519.21,989.87,4,2023-01-07
C10160,4942-2226-0045-6683,589.03,419.52,181.28,2726.96,27177.86,402.55,257.51,4,2024-08-22
C10161,5358-1914-3897-5380,13618.31,1756.02,1401.16,2369.98,7454.21,4749.57,1483.01,33,2024-02-11
C10162,0140-1533-7219-5035,4508.31,1822.47,171.55,2286.77,46081.97,4124.45,3463.9,3,2023-12-01
C10163,3716-2052-0439-8028,16199.43,4749.96,2550.89,2109.76,46055.86,15911.32,13127.94,15,2023-11-06
C10164,7932-6629-6479-3023,14031.21,4218.53,1532.69,265.98,20801.7,8148.02,1486.02,36,2024-08-09
C10165,3220-6608-7875-4499,9835.85,1085.59,694.57,2065.03,35272.78,9659.44,8583.22,32,2024-04-19
C10166,6370-7730-4591-8501,16871.73,2279.27,1989.61,702.2,9761.67,1915.99,642.32,7,2023-12-21
C10167,2162-8708-0070-4259,6858.71,1870.31,1147.43,144.76,21033.22,1496.94,460.13,8,2023-07-11
C10168,4354-6346-9562-6599,10995.36,3918.6,1407.89,2487.67,32662.09,2161.25,1790.22,27,2023-05-13
C10169,0763-7373-4869-5602,17077.82,305.04,278.63,143.94,44133.12,16809.16,11501.03,18,2023-06-25
C10170,1452-6416-3133-3051,16679.42,3900.29,62.36,1497.66,30996.73,3072.53,384.64,25,2024-10-05
C10171,1944-2670-8288-9596,13346.67,3640.65,3555.56,483.02,30576.06,956.38,136.58,1,2023-06-26
C10172,6024-9045-0949-9505,9675.65,2265.43,1511.45,268.29,40627.3,9393.45,2924.29,26,2024-05-27
C10173,7109-4933-5098-7602,12186.5,369.85,20.88,2782.43,37264.03,8447.83,1906.87,26,2024-04-07
C10174,2087-0114-3855-8994,14455.33,2377.69,1756.12,323.08,30239.81,5935.81,840.15,10,2024-06-14
C10175,5458-4571-8366-4322,11870.33,2564.82,1016.25,1755.39,16529.23,10600.11,6175.8,13,2023-08-19
C10176,4128-7763-7116-1849,2156.04,1629.13,1073.07,1406.52,24957.39,526.43,311.03,28,2023-09-17
C10177,5174-4159-9144-3189,1270.65,1286.15,497.87,2026.67,6170.41,547.27,345.52,19,2024-11-16
C10178,5676-3625-8187-7326,10924.77,198.27,50.53,1546.3,46017.45,10911.15,6645.88,22,2023-11-22
C10179,6884-1073-3056-9833,8925.6,826.72,552.72,1841.99,41995.94,5953.22,816.51,22,2024-07-21
C10180,1651-4735-8923-8320,5891.42,2789.72,1138.16,332.66,21030.82,4188.39,2485.49,19,2024-08-19
C10181,1705-0460-5233-9712,9081.47,1097.01,67.15,1721.79,25172.55,5777.3,5135.76,5,2024-11-15
C10182,6750-3695-2974-0995,13251.61,4458.51,688.11,785.53,30503.23,8153.33,2582.24,34,2023-12-09
C10183,7057-1050-7605-3155,6816.2,3987.66,685.35,1696.85,26102.01,2686.37,2370.15,25,2024-01-20
C10184,8800-7495-8207-2534,16708.86,2030.72,1739.09,1159.2,23974.34,2205.86,1460.7,5,2024-02-28
C10185,7825-1136-5518-4506,10134.35,774.96,521.49,2207.34,7863.7,7186.68,689.37,34,2023-03-24
C10186,9913-9095-8348-5395,15020.07,2742.38,1405.22,1490.4,18348.95,4845.31,1520.47,26,2024-01-28
C10187,8494-4369-0324-8394,18983.97,2846.52,2628.93,96.65,42389.11,2525.21,549.15,23,2023-07-31
C10188,3569-0310-4177-6418,1471.32,3378.57,200.28,1181.91,21913.58,1121.29,337.03,36,2024-10-03
C10189,9409-3818-6878-2175,839.08,1097.63,458.7,794.93,5962.43,633.5,79.2,31,2024-01-09
C10190,3125-5728-8620-2365,3087.98,1397.51,622.45,2286.97,22524.53,308.47,268.83,35,2024-04-03
C10191,5595-5551-0339-4105,812.5,4463.44,1751.79,811.83,21483.83,278.68,271.96,4,2024-05-10
C10192,6077-4237-1295-9800,6658.53,3899.6,1217.65,415.73,42834.43,5251.08,3493.32,20,2023-05-07
C10193,0474-9006-7890-5025,16466.32,2827.78,2097.41,2776.34,39063.51,7467.17,2695.42,20,2024-10-12
C10194,5634-6435-1544-7748,16932.96,2051.65,137.0,137.0,13577.21,6308.4,2054.51,30,2024-05-24
C10195,8884-6082-7240-3960,9856.49,386.15,150.79,1827.21,36855.3,5605.46,3853.36,32,2024-06-18
C10196,7109-5908-4284-5080,2428.04,2197.03,2116.26,2459.35,23346.6,903.26,787.45,18,2023-12-27
C10197,7914-5444-4088-8008,5188.84,1781.94,1488.09,1956.3,13160.29,1733.74,723.83,8,2024-12-23
C10198,5998-3752-3350-8297,3281.41,1727.79,1194.47,73.51,36507.69,104.98,99.36,11,2024-12-06
C10199,0176-7536-7769-5048,18462.27,1092.46,918.43,2558.3,18715.4,15637.03,1450.83,26,2024-02-29
C10200,2836-1937-3505-5851,18063.73,1538.57,441.98,2082.05,49517.76,5009.7,2952.18,8,2024-09-29
C10201,8800-6051-2994-4287,12007.56,4855.52,1471.82,1503.47,20752.21,6935.7,4173.44,5,2023-10-08
C10202,5668-0498-3295-3778,5872.01,4988.17,2715.94,2677.13,34113.47,4353.7,2625.04,10,2024-05-24
C10203,4483-9889-6952-4475,2476.59,327.84,52.56,2777.61,40160.72,867.69,347.55,4,2024-10-18
C10204,7069-8659-8540-1331,10650.18,2529.38,1651.2,2665.08,40717.76,10217.35,513.5,17,2024-09-25
C10205,5473-4800-1897-2196,11684.35,441.41,36.16,1851.76,10904.2,10206.28,3038.08,15,2023-09-14
C10206,4531-8403-0957-1627,9231.06,4541.18,1271.08,2190.85,40890.9,261.43,83.65,12,2023-07-27
C10207,2137-4662-5608-1754,18009.2,2863.88,1498.91,428.78,9327.29,6957.32,891.26,33,2024-05-09
C10208,2070-1004-4350-2102,8419.21,4859.13,4528.15,888.25,18934.3,5367.03,2362.72,16,2023-10-20
C10209,9525-5374-2135-9009,19205.34,1383.89,781.95,795.63,34555.91,1390.16,247.28,32,2023-09-04
C10210,0886-7435-2679-0558,4929.91,2601.75,1043.7,543.47,33966.91,196.89,164.06,28,2024-01-12
C10211,8909-4409-9180-6516,9281.71,1171.65,653.49,2345.9,16297.66,9043.55,2734.17,26,2024-05-29
C10212,0383-6544-4783-5456,3714.13,2854.07,72.7,2239.41,33874.75,2461.8,745.07,7,2024-12-20
C10213,8442-8006-7899-1563,13698.66,780.1,736.34,1785.43,23034.28,10686.29,7361.92,11,2024-03-22
C10214,9952-4134-7475-9257,14996.97,1549.33,349.42,275.93,37106.46,2812.18,422.74,15,2024-03-20
C10215,8567-7062-7176-6802,11998.67,1605.73,1064.72,1075.4,31487.68,10998.26,2037.83,10,2024-10-08
C10216,6973-3016-6417-1661,1766.35,3808.16,3621.47,2243.31,6005.66,1635.85,92.03,17,2024-04-15
C10217,5787-4283-5643-8155,8539.47,1886.74,1715.61,2165.01,27101.09,3923.9,3541.25,1,2023-06-13
C10218,4730-2911-5318-7919,5380.74,1367.1,760.0,362.59,34770.76,685.17,672.63,13,2024-08-12
C10219,0437-6148-9665-7667,7685.64,3485.84,529.5,2779.54,35992.25,1392.89,925.54,11,2024-02-01
C10220,7340-9094-4374-7158,2421.93,2612.73,1359.71,60.65,42378.96,1725.08,261.34,13,2023-10-30
C10221,4007-1620-0233-1891,999.78,861.84,668.67,851.57,30077.98,663.13,320.69,20,2023-08-14
C10222,2933-2476-7999-0801,6919.73,1170.7,62.13,2907.64,13996.61,4870.52,1954.36,15,2023-01-03
C10223,7194-0465-4422-0476,19240.27,1959.41,1591.56,1643.34,45894.55,1744.45,305.8,31,2024-08-13
C10224,4665-5621-3608-3281,1015.63,870.57,484.57,2852.96,35656.57,316.54,184.41,28,2023-12-04
C10225,1988-9254-4370-4542,509.01,2447.99,822.95,1164.27,25193.82,417.18,267.14,11,2024-06-22
C10226,4360-6989-8672-8921,18661.33,1875.56,592.89,2263.5,24149.77,1081.56,1014.88,23,2024-03-02
C10227,7620-2957-4856-0429,13630.81,2013.91,984.68,1437.62,31550.87,3877.7,109.99,19,2023-06-08
C10228,4568-7289-2055-1133,17255.59,2377.59,1768.38,336.51,34418.15,1738.18,633.23,9,2023-12-30
C10229,1244-7178-9421-5394,11656.19,1352.68,904.49,1315.88,19307.24,6862.93,4524.16,20,2024-11-12
C10230,0606-0398-9952-8164,1551.39,2145.81,1206.45,764.42,39508.2,1257.42,1213.76,7,2023-08-17
C10231,9111-9144-8684-0521,3589.07,4522.2,2566.22,2295.34,15231.01,606.37,16.65,15,2024-07-04
C10232,3104-9431-5930-7119,18095.53,3195.63,1773.96,2674.17,35714.24,16306.74,6497.64,13,2023-08-11
C10233,2465-9996-4536-9679,9107.29,1832.72,1366.71,153.39,15263.26,5684.45,4376.63,4,2023-03-08
C10234,9353-2135-1963-4311,3593.05,1264.57,1174.09,2790.59,30802.89,2704.91,2493.79,6,2023-01-03
C10235,5912-4787-4196-0172,16135.16,3248.14,63.2,426.97,31798.58,13034.19,10122.56,30,2024-02-29
C10236,5144-7813-8802-2444,1246.24,3784.4,2913.08,551.5,35410.21,879.15,381.08,34,2024-09-06
C10237,7570-0173-0762-5546,16412.79,1628.41,82.95,2994.01,9114.11,7688.7,1374.26,25,2024-08-07
C10238,9742-6734-2331-1047,2739.17,1903.98,553.32,1666.85,14855.52,261.95,10.2,31,2023-09-29
C10239,3550-4074-5180-1530,6263.79,3248.48,372.34,2411.19,44737.58,3968.54,268.5,25,2023-06-08
C10240,0699-0901-5311-6996,6666.86,2898.98,2271.22,1252.5,41403.88,3988.79,3156.39,9,2023-01-16
C10241,1545-9006-6925-8917,3779.16,414.5,52.19,2377.62,12029.85,2414.65,1129.55,12,2024-02-25
C10242,1676-8229-6410-3689,1459.16,3524.32,2412.34,1947.17,43212.36,164.48,10.9,7,2023-10-25
C10243,3306-3885-3054-7948,9748.8,111.84,56.73,356.07,39859.04,718.1,611.58,32,2023-09-26
C10244,1157-9685-2625-6303,3388.83,2299.45,494.14,276.93,30830.85,2996.02,1612.7,20,2023-07-06
C10245,9364-4933-2422-3404,12335.81,3975.94,3481.06,446.75,38050.54,3851.64,3403.39,22,2023-05-12
C10246,2480-6612-3683-8508,19877.83,4305.79,1567.79,1418.56,35360.53,18307.03,1846.6,30,2023-10-24
C10247,7777-9604-2560-4263,8998.38,833.47,350.72,2518.05,29879.95,6802.29,5284.79,9,2023-09-15
C10248,9606-4543-0297-6752,2166.47,2399.09,1066.68,1855.86,30690.3,1828.18,1416.09,2,2023-12-21
C10249,0775-6227-6963-4091,12169.51,2477.17,1226.05,2252.45,36648.35,655.39,368.11,31,2024-06-30
C10250,3065-3664-1055-7604,7829.76,2517.12,1367.9,2469.55,11572.82,6714.25,5145.74,19,2023-02-05
C10251,6687-4363-8523-6192,12087.01,1759.3,449.87,1349.42,15013.27,8025.02,3514.33,35,2024-06-23
C10252,6605-2053-9039-3884,17656.59,3514.85,3143.41,1086.22,38791.78,16446.26,12035.27,26,2023-10-08
C10253,3840-9205-0728-2888,11910.15,3464.25,1828.24,1835.34,44164.75,8069.55,5465.5,22,2024-12-16
C10254,8869-3782-6274-0733,18413.65,2844.87,440.74,1368.49,26057.12,16501.01,3190.44,36,2024-08-05
C10255,9335-7328-9085-2346,12173.99,1345.52,1213.53,123.8,9629.77,6135.19,4982.92,13,2023-11-01
C10256,1647-1840-1122-6652,6137.26,3511.53,2223.44,254.08,43100.36,2091.7,256.67,14,2024-03-09
C10257,6711-1786-0176-4966,15129.51,2621.49,2578.55,1728.25,27137.69,7125.33,3068.64,23,2024-07-16
C10258,5758-2960-8475-5492,11827.46,3960.21,3852.96,765.92,17741.82,9028.73,2048.75,26,2024-06-30
C10259,4937-2868-6399-0725,18520.67,351.76,298.28,1913.27,33751.14,16006.92,15860.32,20,2023-10-25
C10260,4803-0541-8240-6354,4476.45,2189.11,497.15,2596.16,13413.09,3505.43,778.58,6,2024-07-08
C10261,1097-2101-2868-7418,6445.74,3391.39,3384.19,1665.87,11251.63,4161.59,2223.17,22,2023-02-17
C10262,9966-8322-1644-2844,945.69,2260.93,868.2,1334.36,10231.4,808.15,516.45,12,2023-06-30
C10263,5888-4229-7180-2067,8939.47,2551.69,2417.31,906.15,7350.89,8023.55,5540.35,6,2023-01-26
C10264,9092-1253-4999-1733,10474.66,1601.6,134.1,1475.94,39963.05,4053.79,1267.54,1,2023-10-23
C10265,1829-0989-0628-8295,5795.34,3216.6,2621.37,2901.22,22887.64,2682.64,2499.41,21,2023-10-11
C10266,8316-8289-9385-4425,18246.17,1128.37,968.52,2141.72,22729.06,9548.28,7526.34,13,2023-08-14
C10267,6137-8753-2494-5269,14549.6,4312.52,2395.81,1137.88,18178.34,9534.53,9079.13,19,2023-07-15
C10268,3219-9020-6613-1578,16497.66,957.38,230.44,2040.21,10862.02,4236.43,3449.09,18,2023-11-18
C10269,7990-1067-6835-1922,6106.67,812.91,549.63,2585.06,10057.74,2148.38,1188.36,36,2023-10-27
C10270,6298-3741-0371-8806,3579.77,4784.44,459.64,8.14,40821.46,3476.27,2017.7,4,2023-08-18
C10271,5087-7150-1399-7654,11992.65,2943.25,1811.96,1587.87,28753.2,9659.8,8410.41,8,2023-03-01
C10272,4837-7583-7919-2031,14243.66,4340.58,2142.66,2689.02,5023.63,6136.14,679.26,2,2023-06-01
C10273,0941-1314-0756-4242,1339.03,1270.36,90.2,1780.63,49733.45,801.01,522.21,10,2023-10-07
C10274,2967-5956-8909-4064,3343.61,2474.75,649.08,2649.69,48567.67,2513.15,224.74,6,2023-11-21
C10275,7307-0225-3413-9800,4059.84,4802.19,1384.84,2913.23,9927.98,432.37,307.79,31,2023-06-27
C10276,6104-1818-6824-0013,9222.83,4010.36,2628.95,236.66,12551.47,4043.29,1028.23,21,2023-08-17
C10277,5748-5239-1286-6630,13869.52,864.36,852.18,2189.05,36561.94,3096.51,394.4,35,2023-02-11
C10278,2866-4375-6548-2364,15734.75,116.16,22.44,2328.11,20783.83,11371.8,9801.78,26,2024-10-05
C10279,9224-5006-5705-9862,2837.88,1620.46,1480.0,2359.87,39098.36,890.02,790.76,5,2023-09-08
C10280,7256-6007-0740-4578,1866.96,4870.93,1940.71,2278.0,14885.65,1285.26,1254.95,27,2024-08-22
C10281,5836-1556-6782-4177,17994.61,713.71,443.84,1776.27,7748.42,15143.73,6148.61,24,2023-06-07
C10282,1051-1184-4232-8695,8784.01,3812.02,57.67,520.53,32448.05,3401.06,3369.14,19,2023-09-12
C10283,8855-0372-7073-1773,18337.09,3099.86,1744.29,2583.46,44199.78,11082.16,2100.43,9,2023-06-16
C10284,4452-9360-9833-7968,13709.01,1967.8,1886.38,1439.85,48558.18,884.69,35.17,27,2023-02-15
C10285,0765-6583-3982-9537,7004.79,982.31,857.92,420.92,18467.95,3998.0,867.5,19,2024-11-20
C10286,5160-5568-5326-0922,13525.93,1430.84,27.66,852.45,46197.18,2997.2,152.5,16,2023-04-18
C10287,1404-6177-1058-6525,15009.4,1241.54,1108.63,2671.12,38061.01,14558.27,3078.15,16,2023-05-19
C10288,6359-9547-6317-1288,6302.16,1391.11,313.07,284.12,37903.95,1689.27,480.02,32,2024-12-02
C10289,4811-4494-8596-4606,1513.07,2507.21,698.0,1698.29,47859.33,92.9,55.72,4,2023-07-27
C10290,2341-6070-4285-6031,3431.87,1659.77,1556.89,1975.23,34287.29,1823.0,1109.31,19,2023-09-11
C10291,9890-2408-1146-9363,19061.96,2319.53,1741.59,2874.04,12250.4,12330.29,11319.32,17,2024-02-13
C10292,1066-2266-3183-1541,19220.03,3594.26,2133.22,2831.81,12802.49,1533.87,781.04,18,2024-11-06
C10293,9549-0990-7418-5073,8575.89,1011.12,65.25,871.6,14835.38,5935.68,1062.03,1,2024-03-17
C10294,6438-8500-7515-7849,11635.42,1209.03,909.65,2018.72,20196.13,8393.93,7902.53,24,2023-12-25
C10295,5787-8532-7178-2836,18771.7,4400.12,532.12,2089.56,37523.12,2084.03,1718.97,29,2023-08-05
C10296,5264-3251-7144-8900,816.21,4007.41,1213.21,432.68,19687.58,654.46,239.6,18,2023-10-05
C10297,0916-0414-1133-1138,10592.63,1937.11,1879.23,2971.04,49487.26,3883.54,24.84,13,2023-08-09
C10298,3353-0723-7590-6204,5433.48,3970.52,1506.67,2803.55,39647.91,1868.12,527.3,26,2023-05-29
C10299,8625-3192-4674-7688,1083.49,3507.3,2750.87,2285.41,7835.14,718.05,173.27,10,2023-04-15
C10300,1332-7917-2040-5152,1324.09,3362.76,2501.14,1332.1,7421.61,906.1,782.55,20,2024-12-19
C10301,6613-7508-5713-9050,15807.57,3301.18,360.08,873.04,27764.4,14705.12,9810.13,34,2024-06-16
C10302,4530-6507-2510-4043,12372.83,3083.26,1450.57,2704.1,38591.52,2722.03,834.77,31,2024-03-27
C10303,9011-1854-6340-0464,13321.09,1268.61,904.48,1319.65,5214.63,11967.29,8998.95,2,2024-11-23
C10304,3983-7815-8779-2014,19535.28,2534.2,726.01,630.39,34707.69,1579.14,77.44,31,2024-08-15
C10305,5451-1789-2776-0446,13628.31,3947.34,928.49,1434.13,30172.84,1763.22,447.84,10,2024-12-26
C10306,6461-5597-5498-9514,1489.74,2595.95,1866.58,2161.33,33750.37,1295.14,237.15,10,2024-10-26
C10307,9930-8216-1328-4253,4820.67,623.07,298.74,341.25,30718.72,3536.81,583.85,1,2023-12-22
C10308,3935-3574-6211-1774,4570.27,357.41,78.15,1605.22,17222.78,3401.79,845.72,10,2023-03-31
C10309,3006-8349-4610-8474,14994.53,782.51,25.83,109.69,25556.21,12883.22,9331.16,14,2024-09-18
C10310,4026-6733-8000-7825,16079.5,2832.05,173.96,1180.22,7211.55,13757.79,4786.31,1,2023-12-29
C10311,9911-7690-3988-7486,10568.63,2734.19,1129.51,1447.8,31064.95,7009.04,5811.27,27,2023-11-03
C10312,5586-8695-0363-9350,3197.98,4301.88,3924.37,2290.36,8027.41,1873.78,1399.5,15,2024-02-19
C10313,7582-0011-3917-0287,711.82,1130.14,27.43,482.57,14662.48,213.98,150.94,3,2023-12-11
C10314,9541-8887-2583-7336,15825.97,2620.05,1068.35,1430.09,9534.51,9510.91,8314.16,34,2024-05-26
C10315,3944-5493-4396-0653,2648.1,2156.1,1955.45,1413.43,30702.78,2109.62,1222.65,22,2024-10-20
C10316,3706-8888-4997-0410,8913.72,853.86,559.75,390.94,43663.14,6267.74,1514.46,3,2023-09-19
C10317,3976-5197-0027-3817,8802.54,2417.63,2316.13,778.12,46301.72,2140.29,965.34,11,2024-07-22
C10318,8752-8310-3796-5293,2862.92,745.28,73.35,2151.44,38282.02,799.79,156.47,23,2023-04-20
C10319,5055-2008-0375-1999,17271.01,1322.88,193.35,2630.28,44232.59,6789.06,6569.04,12,2024-11-07
C10320,8645-4345-6116-7566,7552.87,2702.2,85.83,1982.23,12387.54,2828.43,1937.24,20,2024-12-31
C10321,6481-6111-7527-9018,19169.88,1061.19,202.73,1621.03,16642.45,824.65,69.59,34,2023-09-26
C10322,8130-0545-5649-6082,16432.2,2732.01,2586.94,2004.22,5290.22,15054.53,4185.06,1,2024-02-01
C10323,6949-7695-9773-6883,4074.29,4346.76,3367.09,1935.48,10732.63,3538.16,641.19,15,2023-04-24
C10324,3243-3340-2610-0153,15051.72,348.98,147.95,113.82,32833.07,14934.93,10877.25,4,2024-01-19
C10325,9850-7766-7772-1924,2565.15,2809.47,146.88,242.57,6691.59,713.8,571.04,1,2024-12-05
C10326,3447-4832-9080-6492,17264.21,4748.81,2708.63,20.29,36246.59,12423.81,3690.01,32,2024-01-14
C10327,4038-0745-1554-4972,13027.42,4200.41,391.25,2422.06,44023.56,10524.87,4930.22,27,2023-09-01
C10328,5846-3368-4301-2344,11888.57,4685.47,2101.96,1912.25,35170.71,6668.35,1047.39,19,2023-10-26
C10329,8374-1470-0823-4208,14423.24,1132.29,1101.14,2716.0,39107.38,12510.35,9686.85,34,2024-08-15
C10330,5727-1517-7083-6147,4873.79,871.3,769.87,2555.7,26421.15,968.75,495.82,13,2024-10-09
C10331,3680-9485-0849-2603,15813.13,3225.34,1659.81,96.41,5333.8,5571.19,4661.87,1,2024-01-02
C10332,7090-8608-0307-7718,13422.83,572.38,152.87,292.44,42564.44,10546.6,1190.73,9,2024-11-30
C10333,0509-1437-6241-9505,5665.95,2662.79,650.71,59.97,14011.79,2220.33,145.18,9,2023-08-27
C10334,5999-8148-1656-4047,15959.81,643.7,635.39,1549.83,10692.72,6256.64,4900.65,29,2023-01-03
C10335,9940-3367-9647-0050,6344.66,4559.95,3606.29,2649.01,14347.23,841.45,615.78,1,2023-03-29
C10336,5765-3007-5595-8693,18327.8,2917.93,1824.95,546.57,8505.7,4077.66,494.83,1,2024-01-14
C10337,2786-9072-0138-3776,2467.55,3668.29,1254.02,702.82,30882.24,790.13,339.22,8,2024-01-07
C10338,1746-0774-1717-6929,6012.99,2515.54,2359.44,2193.12,20464.7,5169.64,5015.57,10,2023-06-18
C10339,1818-4919-8667-2895,8389.23,443.15,125.7,2736.58,8712.01,7427.92,4943.25,7,2024-11-12
C10340,7678-1877-3289-4038,15703.48,3411.34,1765.88,1534.12,18013.65,8833.18,6113.64,15,2023-12-15
C10341,5784-6984-1981-1540,5565.12,2800.29,2088.69,448.69,44965.86,3603.54,950.53,7,2024-04-18
C10342,7997-6883-8774-5187,862.3,1599.33,1494.87,1796.45,45786.02,777.18,551.44,13,2024-08-19
C10343,9095-5576-5566-8018,10026.12,959.32,288.11,1197.03,6355.57,6084.04,5102.08,7,2023-04-15
C10344,2451-5589-4080-3681,16539.43,4057.43,3251.03,2734.57,12771.44,5988.05,5861.54,34,2023-03-18
C10345,3161-3369-3928-7614,18530.18,1383.68,725.56,739.4,36226.48,18265.92,748.91,19,2024-10-01
C10346,5691-9044-1167-3252,6663.87,4626.49,2268.83,355.62,23382.72,6355.18,1461.9,11,2024-06-12
C10347,4667-3134-0328-3429,8453.49,2942.16,1673.87,658.05,10268.77,7458.86,220.36,29,2024-03-07
C10348,2127-9552-4347-1005,14958.39,2268.07,1848.32,1044.4,18127.34,14851.44,4413.99,16,2024-11-17
C10349,6647-0391-9573-7757,8539.36,1295.72,697.8,1735.53,13610.82,5086.08,205.88,13,2023-04-03
C10350,9745-7660-3286-2356,12810.77,1721.98,1014.98,2660.68,13558.71,8080.89,7304.67,20,2023-02-01
C10351,5833-5265-2383-6740,16137.17,672.7,646.46,858.34,10469.01,15191.59,1459.32,32,2024-01-02
C10352,0495-2007-8014-9506,12817.96,2152.36,890.77,2581.64,39676.5,5212.99,2805.81,23,2023-02-27
C10353,7385-6253-8576-0728,18569.39,2016.09,1139.89,2031.36,27568.28,7045.6,779.59,7,2024-04-01
C10354,2889-0250-8330-7794,8535.27,1398.28,108.95,2106.61,39392.38,7850.58,7347.07,36,2024-08-08
C10355,8238-5313-5320-3592,9186.98,4926.73,4288.66,2244.39,8897.46,1264.99,741.17,22,2023-03-20
C10356,9240-8214-1368-1545,18269.67,2948.33,22.08,2335.43,22856.57,8631.43,144.52,2,2024-03-26
C10357,2084-5027-5111-7061,8252.81,1937.49,1441.46,2743.17,10006.55,8137.1,4639.02,28,2023-04-15
C10358,1737-4544-1687-3574,19269.37,4148.93,3748.36,1248.88,32491.14,8204.09,4778.09,6,2023-04-16
C10359,1250-2787-0861-6971,3016.95,1448.91,273.34,152.83,27659.92,601.4,180.21,34,2024-03-10
C10360,7041-9751-2656-0583,17307.03,1738.87,48.85,1185.09,27644.43,13166.57,11671.97,12,2023-03-20
C10361,1634-2097-4374-2424,3070.47,1371.58,562.57,1359.26,23088.96,919.49,465.09,8,2024-03-16
C10362,4319-6128-0962-4934,11709.9,1431.03,978.21,651.87,16546.09,4417.42,2469.47,20,2024-10-01
C10363,0242-3326-6235-8829,16499.61,1579.99,1121.73,1115.12,49869.76,912.96,742.16,12,2024-04-07
C10364,0155-1279-9160-1937,3646.37,204.31,136.22,2304.56,13222.03,731.83,402.74,26,2023-10-20
C10365,3827-7704-2034-7755,1971.61,4906.49,2772.73,1099.5,7401.73,767.51,356.84,35,2023-11-06
C10366,0458-5643-6933-5642,12801.54,3530.38,674.06,760.62,5893.15,2266.41,770.1,24,2024-07-19
C10367,8838-8348-3991-3470,9488.16,2252.61,1412.33,176.26,19938.91,7570.78,2591.15,16,2024-10-04
C10368,9157-9869-2437-4909,13586.38,4233.91,118.77,1041.14,10647.75,7646.9,2328.92,16,2023-04-02
C10369,4477-9649-0765-0084,1491.59,781.75,74.59,457.64,27820.48,929.79,218.64,17,2023-12-26
C10370,2224-8829-5133-5021,11198.14,196.56,56.78,1469.47,48528.13,3590.54,2874.28,10,2024-10-13
C10371,5419-2070-2388-5079,6803.95,3972.88,1579.09,1138.62,9658.62,4253.23,301.3,4,2024-10-07
C10372,6075-9042-3067-4208,6459.67,2438.82,2180.53,1319.89,17015.77,1344.17,1315.02,21,2024-09-26
C10373,6310-2007-7630-8701,14720.94,4786.63,1234.88,1696.76,19490.38,12510.37,9950.67,7,2024-01-16
C10374,9343-4338-0718-0515,17860.43,3729.47,213.19,2550.78,32570.98,3532.16,777.22,22,2023-01-27
C10375,4086-0736-2164-0110,19809.05,2114.68,1570.77,471.69,7903.3,8098.22,2678.46,16,2024-09-28
C10376,0306-1643-0661-6542,6511.39,2874.22,1548.84,351.08,37493.22,5482.83,1639.82,29,2024-03-05
C10377,0594-2845-1791-0414,18165.66,3955.05,2248.45,894.47,16233.18,18080.16,9223.26,12,2024-04-10
C10378,3021-4119-3135-0287,18326.51,940.61,472.09,9.99,16575.37,17960.44,16287.7,12,2023-11-15
C10379,2730-3361-5793-0668,5561.45,291.23,240.17,431.18,16944.1,3586.61,1997.74,22,2024-07-21
C10380,3650-1251-7690-9629,1499.75,2807.48,408.55,2131.23,25662.79,300.75,19.77,29,2024-09-03
C10381,6421-9068-3142-7252,16056.71,4338.61,2505.29,1887.42,28759.22,6982.77,4415.21,2,2024-01-27
C10382,9642-8414-9953-9060,525.51,851.73,116.0,1266.86,44730.72,50.79,29.67,3,2024-01-29
C10383,9690-6652-6439-7690,19014.78,1218.49,595.38,2305.45,49869.29,3102.08,134.25,9,2024-11-05
C10384,5315-8262-5030-1293,15907.34,2805.69,300.93,2160.13,9049.19,2368.91,214.81,34,2024-03-20
C10385,7689-8655-3373-6054,8232.97,948.31,924.38,2855.4,36391.21,6603.64,4086.89,32,2023-04-22
C10386,7942-8573-3467-7888,4378.03,2083.14,1814.67,2877.54,21513.65,3102.55,2656.1,19,2024-03-04
C10387,2139-9581-3277-5647,3075.82,4029.23,660.29,2586.18,30312.66,635.13,52.48,36,2024-12-06
C10388,4054-9812-4534-2956,13791.94,2367.03,517.4,155.46,29946.73,11595.38,8246.92,12,2023-10-29
C10389,3707-2075-3482-5228,12480.03,4347.66,1410.13,953.68,6336.79,8112.23,2690.92,29,2023-03-28
C10390,4423-5195-0177-0296,3080.72,417.17,390.86,478.88,44905.95,602.89,149.91,26,2023-12-08
C10391,9786-1050-0185-5762,15514.17,1085.67,1033.99,2149.88,26749.11,4754.4,748.75,10,2023-04-30
C10392,5966-5616-8131-1453,9619.45,4988.06,3361.79,2804.2,38720.17,7840.12,2462.32,11,2024-08-09
C10393,9800-8646-1559-7496,1387.16,1962.25,1445.86,631.16,36259.95,578.47,428.54,15,2024-04-17
C10394,3241-8473-2766-5176,6803.06,3065.49,122.87,1561.73,25299.63,4182.41,4024.8,31,2023-05-17
C10395,4889-3467-8662-9276,11160.7,2706.21,1547.58,361.18,27050.88,3702.56,2010.47,27,2023-09-25
C10396,0173-9650-1286-0770,18614.93,1829.55,588.07,2343.75,47835.48,12656.56,7777.79,16,2023-06-11
C10397,3274-4766-3235-3674,9605.87,4475.71,790.0,1592.86,18126.2,1644.2,1486.93,10,2024-08-17
C10398,8627-3566-2012-3274,7675.32,4816.17,202.21,590.08,7119.78,1970.65,1508.77,19,2024-10-05
C10399,3447-2675-7501-7414,7376.91,4308.97,1222.37,772.21,24937.39,516.24,25.69,34,2024-01-05
C10400,3589-2977-9126-7073,8791.88,2914.18,1565.35,987.24,15737.31,8063.36,3217.65,25,2024-08-16
C10401,9854-8999-2650-5309,4182.52,1451.38,561.63,2704.66,47226.41,2259.34,874.51,36,2023-11-18
C10402,9800-4302-9336-1488,3136.08,2197.57,2092.48,1945.55,17556.82,562.66,314.63,11,2024-07-26
C10403,5231-0461-9586-1350,6207.65,116.53,88.62,1093.18,26254.4,2473.15,1253.0,12,2023-05-31
C10404,3835-9950-9708-7948,2858.81,1229.18,99.42,1166.78,45045.21,1623.53,439.61,26,2024-04-09
C10405,3087-5251-5007-2704,19969.24,2486.06,238.34,2839.45,9422.67,6719.5,3652.05,10,2023-12-27
C10406,9554-9625-4895-8485,9805.71,470.83,275.68,1588.78,34268.43,1254.05,684.85,21,2024-07-14
C10407,0447-8665-5858-9112,9280.17,1992.73,1511.21,128.1,11685.28,7088.91,5396.03,19,2024-04-18
C10408,9449-3121-7800-8558,7386.68,4670.86,3055.18,1147.93,20228.08,3256.46,1957.58,25,2024-07-19
C10409,9527-9777-3262-7595,18802.92,2065.16,453.16,1124.19,39126.24,16540.17,4409.62,3,2024-02-04
C10410,2923-2136-2685-8942,18147.54,3904.94,2149.79,1154.0,35306.24,1429.31,1062.28,12,2023-03-20
C10411,2092-3004-8815-7080,19844.05,3182.28,445.28,741.31,46381.31,1336.63,1067.12,11,2024-07-25
C10412,2321-9664-0400-3085,8250.51,771.33,438.47,367.47,48007.95,5938.6,1177.23,22,2024-03-04
C10413,0080-8589-2708-0121,18795.7,3633.21,3002.14,2116.74,39261.87,369.39,272.64,7,2023-07-13
C10414,2121-6569-2795-4235,6496.14,3093.78,2799.96,1444.1,11287.7,2594.69,2001.26,20,2024-04-08
C10415,4536-1478-4549-1213,5133.31,1109.48,981.27,67.11,25227.51,2411.92,2237.99,33,2024-12-24
C10416,0483-0943-0267-5642,6466.63,1368.89,949.42,612.2,5949.13,3313.57,3259.63,28,2023-06-04
C10417,6906-9110-1866-5858,14683.82,4846.17,4374.28,2319.33,30485.81,13480.33,12176.34,25,2024-05-13
C10418,4962-3659-6986-7605,14175.95,187.31,128.22,2169.8,32434.94,1782.79,889.28,4,2023-10-04
C10419,2765-7843-2865-9643,5947.69,2580.84,1781.24,1814.43,31201.02,2268.96,865.18,11,2024-02-17
C10420,2012-7178-3691-9786,11202.72,1036.37,473.38,2918.29,39588.39,9655.95,1150.15,7,2023-11-05
C10421,7737-3803-0806-9848,6182.03,338.22,294.12,1403.54,19509.39,3749.48,2130.06,17,2024-04-27
C10422,0267-8094-2256-7171,10786.84,1039.46,1011.36,1607.93,21423.41,4099.48,304.68,19,2023-05-18
C10423,0241-0893-5852-0180,15127.81,2789.61,1311.17,1453.28,41041.31,12039.78,212.04,16,2023-08-23
C10424,9240-5275-9763-4986,13064.91,4069.24,3333.75,136.88,19197.19,10325.96,3351.84,25,2024-06-01
C10425,8860-9418-6895-8165,19159.08,1646.3,1386.77,1838.58,33259.95,13737.5,13056.02,28,2023-09-17
C10426,0147-1120-9332-1549,16993.73,1709.06,106.07,1588.88,15463.35,16313.05,7151.88,29,2024-08-03
C10427,2424-5075-3908-4512,6684.21,4904.1,1537.3,2786.54,43229.19,4359.99,2470.42,13,2023-06-30
C10428,3063-1551-3378-6191,17242.19,1021.45,539.68,1687.61,48118.7,71.6,19.23,10,2023-01-25
C10429,7970-5870-5481-5953,7326.07,4902.56,1630.88,954.14,35889.54,3144.66,2099.7,15,2023-03-25
C10430,2580-6778-7361-1150,11767.33,1900.24,1088.98,1252.36,35600.69,8426.51,7285.72,9,2024-01-27
C10431,2177-9939-5917-1964,8672.26,676.19,429.2,1775.37,46703.26,2755.04,1540.31,32,2024-09-14
C10432,6965-8317-3383-2890,18634.99,1669.89,75.89,2308.82,28831.71,8971.72,4339.78,3,2023-11-02
C10433,1803-1986-7851-1855,11901.79,3816.57,1596.03,1644.12,23750.31,11819.9,5910.3,36,2024-01-09
C10434,8089-0644-8923-7654,16962.25,142.43,8.15,2926.98,42532.5,3907.31,1909.46,31,2024-12-25
C10435,6135-6983-5891-9850,4740.42,1329.33,245.49,2207.99,24604.33,841.09,515.88,10,2024-02-23
C10436,6856-4794-3421-5208,12835.36,1696.11,1649.13,1881.64,28834.5,12461.15,7857.81,31,2024-07-02
C10437,9849-7427-0498-9439,13775.49,3686.54,1561.48,2767.35,42311.16,13527.01,10428.31,5,2023-12-06
C10438,6134-3831-6029-8643,3354.47,534.91,442.96,916.12,20817.95,2949.95,69.85,1,2023-11-11
C10439,5319-0397-8948-6638,10924.9,4188.26,1104.93,523.76,25727.31,1420.29,225.18,25,2024-03-14
C10440,3983-8708-5676-4098,8938.64,1316.16,986.87,2149.82,14568.42,7918.35,438.58,26,2024-08-20
C10441,9009-7548-1017-5707,5997.57,3790.2,2069.17,2691.45,17269.35,2949.1,2300.86,25,2023-05-05
C10442,1568-0028-2350-6195,964.49,4571.06,3774.83,1040.47,18536.79,621.19,312.13,31,2023-11-29
C10443,0776-7105-9070-1706,17433.84,973.02,97.45,1498.03,12873.8,8264.66,6481.64,28,2023-06-15
C10444,3373-5241-3439-3671,8858.65,539.8,260.41,1134.97,38164.61,3214.79,2467.87,19,2023-01-25
C10445,5257-6189-5267-5888,5294.33,610.83,269.18,22.19,28523.56,3590.41,1935.88,31,2024-05-10
C10446,9134-8544-6137-2100,12024.3,4117.98,706.72,1517.38,32898.96,4852.09,3596.83,18,2024-02-26
C10447,0980-0378-1968-5916,13596.22,4282.49,3041.81,2499.31,48439.63,9375.84,6192.87,21,2024-03-23
C10448,7276-8405-3628-9515,14287.71,378.76,312.89,2276.87,16262.49,2113.04,1759.82,22,2024-07-20
C10449,7947-2151-4071-5681,2159.06,3569.34,3493.53,1941.86,21983.51,1109.8,942.62,24,2024-10-07
C10450,0754-3320-5499-2629,19369.65,3217.28,2744.12,2438.11,18993.78,5455.45,1869.33,12,2024-05-10
C10451,7792-7113-7134-9876,12997.79,2923.68,1079.57,547.71,16462.65,12086.82,9917.44,34,2023-12-02
C10452,6171-8866-0109-6621,6340.26,2192.31,2027.59,650.47,12232.39,2454.6,283.47,14,2024-02-23
C10453,0352-1001-3908-8385,19831.6,4676.44,1668.73,356.1,6933.68,4211.34,3819.68,30,2023-08-23
C10454,1642-0508-0496-9024,3483.1,1188.29,26.42,283.48,40070.83,664.07,319.17,20,2024-07-28
C10455,0518-8960-9267-3436,11421.17,727.86,559.6,221.6,23518.49,6022.8,1647.5,5,2023-07-01
C10456,8779-7570-4473-2372,13725.76,4494.1,4491.56,114.73,43267.05,12814.61,6959.55,31,2024-08-23
C10457,0694-7273-3186-9241,5060.12,1084.79,750.21,2002.55,25993.82,2814.34,2064.93,1,2023-11-02
C10458,8664-1457-6476-7819,2467.05,1384.32,1282.66,2997.61,26029.13,2428.45,1667.97,10,2024-11-25
C10459,1802-2085-2189-2658,2637.55,4256.66,225.42,1390.26,19134.62,2174.82,1262.5,20,2024-03-29
C10460,8628-6712-0006-2038,5831.81,3221.68,2027.1,1884.76,10404.01,4155.72,1624.77,25,2023-07-21
C10461,3781-6176-4929-5552,16593.26,4015.98,3620.41,352.86,16778.16,611.51,544.4,30,2024-03-02
C10462,1726-1453-9568-2002,16061.08,2260.03,216.05,377.1,41441.07,2010.38,398.43,32,2023-10-20
C10463,7639-4906-3185-8526,4800.01,4607.2,4294.41,155.52,25192.54,2165.13,1625.2,2,2024-06-20
C10464,6805-4275-4530-8112,3744.4,2630.88,1739.79,483.43,35785.46,331.94,153.02,21,2023-11-15
C10465,6861-5053-4356-4459,12420.62,687.88,141.05,668.35,9226.28,11557.03,10500.97,8,2024-05-14
C10466,1574-7612-3461-6956,19370.61,3143.3,1219.3,62.46,34112.06,9089.55,1960.83,18,2024-03-28
C10467,8106-3679-1264-3323,10946.47,3468.8,1526.89,2882.79,49668.02,3214.03,1527.04,1,2024-07-17
C10468,4401-8556-0511-7209,17752.53,4101.4,3845.75,209.26,23023.16,15256.74,15197.31,32,2024-10-11
C10469,9434-8164-0357-9213,2659.66,365.95,6.46,734.91,34231.19,630.68,256.51,20,2023-11-29
C10470,5574-0359-3365-1295,10936.57,527.52,119.67,1499.47,32631.69,4936.63,2322.71,4,2024-07-01
C10471,1811-3980-1890-2716,5478.9,4701.31,678.56,840.8,13885.79,3255.02,1985.53,33,2024-11-15
C10472,8945-8128-7942-3272,6669.06,3389.26,2482.93,1015.96,31781.24,2077.5,1255.35,6,2023-01-14
C10473,3289-9230-3592-6018,17413.05,125.75,124.17,97.47,10510.74,7397.98,3220.84,6,2023-04-26
C10474,2299-2526-5681-5310,3068.38,3765.58,478.74,1757.14,24618.44,1381.2,834.79,25,2024-09-10
C10475,5117-8603-7215-2687,18605.35,3157.07,2219.16,2349.58,27434.97,17836.79,16137.19,10,2023-07-11
C10476,3991-7089-8025-6043,9647.08,3499.87,393.5,1719.66,46249.84,4007.69,1230.26,5,2024-11-18
C10477,9417-9668-6860-3686,6914.65,3965.93,1253.52,2733.85,35568.16,1871.42,222.21,26,2024-04-05
C10478,9599-0996-2587-8318,3464.45,3870.78,1677.57,1419.0,49776.86,2429.44,2347.54,28,2023-05-30
C10479,1016-5220-3806-4821,15707.74,4297.92,3327.47,2754.06,40517.54,12497.51,5226.65,35,2024-11-16
C10480,3678-7546-0933-5061,8406.97,2750.84,2372.45,2224.07,19631.36,476.84,318.17,21,2023-04-07
C10481,9562-9210-2889-6901,13849.64,2571.93,1942.26,196.56,42349.02,1263.82,1238.61,2,2024-09-16
C10482,5729-0762-7500-9770,14129.61,950.5,662.45,2500.12,23051.86,5690.91,959.72,34,2023-06-25
C10483,1559-5127-9691-8468,14634.29,3781.43,1757.28,1665.91,24493.1,8691.0,7450.81,24,2024-02-27
C10484,0704-5823-5076-7693,2772.97,3714.76,2142.79,294.54,29361.93,1556.46,368.76,10,2024-01-03
C10485,0825-1355-0764-6555,5959.22,2395.52,1653.71,405.02,29124.55,2952.89,517.53,9,2024-05-27
C10486,1705-6919-2672-8692,6549.37,3991.92,2867.13,2836.08,12107.37,334.38,134.83,24,2023-06-12
C10487,8152-8981-6553-0317,2907.86,2447.72,1647.49,2869.51,42827.29,500.42,462.72,17,2024-05-25
C10488,2298-3751-9952-9839,18014.64,3341.48,1810.43,1357.31,23933.21,7928.21,7890.24,36,2023-07-20
C10489,5997-5881-8112-9898,7779.0,703.58,688.44,1667.17,18524.71,1880.4,1722.25,32,2023-01-12
C10490,6390-9593-7864-5463,17581.61,4750.23,1652.04,2893.94,12876.98,10477.25,4659.36,7,2023-10-20
C10491,3772-6742-9960-9550,6915.07,2401.12,981.8,1795.38,33414.24,4377.8,1616.43,1,2024-08-31
C10492,2378-6108-3670-4671,10682.03,4970.01,2748.69,539.36,25506.05,761.45,453.64,6,2024-03-27
C10493,4243-0676-6954-3676,6636.65,939.66,610.86,1543.59,37360.25,1464.85,1090.09,6,2024-12-27
C10494,5506-4085-5116-4883,14018.55,4623.97,4343.84,1917.41,11826.7,4823.02,2993.24,3,2023-11-22
C10495,3439-1489-8836-5149,5674.61,283.41,155.27,240.23,44979.37,1054.08,418.83,29,2024-04-18
C10496,6358-2659-5267-1519,10923.82,856.9,328.93,2779.19,18869.78,7695.5,4199.12,3,2024-10-10
C10497,8152-4566-4540-6232,3236.68,2453.51,1747.2,1915.91,44275.03,1533.2,748.2,6,2023-04-08
C10498,8248-2646-5464-7342,11362.4,878.33,574.99,1559.74,40205.57,5963.72,288.65,33,2024-01-06
C10499,9122-9652-0474-5032,16460.71,4241.04,1232.8,2703.07,25883.67,8436.44,287.23,7,2024-08-02
C10500,1695-0384-7030-6523,6403.78,843.46,218.85,2270.14,46107.17,3368.1,1329.12,23,2023-10-24
C10501,5506-5278-5158-5594,4989.42,4868.63,3750.53,1894.21,5291.24,317.71,261.17,25,2024-04-20
C10502,1354-8472-1705-2232,9207.69,3254.7,1963.52,139.33,29496.23,5940.42,4737.79,11,2023-09-22
C10503,1945-7034-0345-9008,7829.52,1123.56,414.59,1136.86,5594.56,2363.1,327.86,11,2023-06-09
C10504,2767-1576-0311-9805,8097.44,1207.09,183.93,1121.21,25001.55,1441.85,699.29,34,2024-07-03
C10505,4753-8174-7844-1686,16915.61,849.92,547.23,1733.52,23591.62,7455.58,5510.43,22,2023-06-11
C10506,6902-3089-8567-9931,13516.45,2465.55,659.17,105.53,14998.15,8967.77,3969.55,23,2024-06-10
C10507,0177-7496-2007-1173,9990.57,1441.33,561.95,1573.37,34552.49,1858.67,399.53,33,2024-11-03
C10508,1034-7483-3871-0377,8655.78,1730.06,471.61,554.21,35255.82,4193.31,2139.31,6,2024-05-24
C10509,0163-0268-4008-6141,14932.33,2038.46,1177.76,500.14,16618.77,13204.2,4693.1,34,2024-07-02
C10510,5284-7355-1208-7657,10493.35,3258.68,1583.89,1481.07,26862.92,2220.96,1494.94,26,2023-06-15
C10511,4535-6495-4911-0603,15970.45,4525.04,1728.05,1796.17,5778.09,6037.97,831.68,23,2024-12-25
C10512,7874-9930-8877-2387,9322.74,603.16,0.46,148.04,37234.77,1591.61,1044.17,24,2023-07-13
C10513,3477-3113-9166-8164,15208.41,2062.02,1515.47,2379.7,27251.98,2018.65,1657.66,13,2023-05-28
C10514,0845-0280-4790-2395,15811.17,4950.01,2480.96,1178.57,31243.95,11450.87,1752.96,21,2024-10-01
C10515,3431-8185-3522-9682,1875.07,3616.1,951.17,255.18,37730.63,389.17,239.26,35,2024-06-14
C10516,7041-8163-1841-9422,11573.78,809.76,27.14,2761.19,44068.81,3850.15,3238.22,4,2023-07-30
C10517,1233-5880-8256-6680,8155.07,3961.21,1650.47,418.58,46354.67,7037.47,505.96,24,2024-01-23
C10518,2931-8791-8958-4776,7412.04,3965.23,2403.42,1294.63,24915.59,2740.24,666.74,32,2024-06-10
C10519,7290-8829-7046-6290,19078.43,2022.51,388.9,391.42,30105.33,8730.49,2549.67,3,2023-09-12
C10520,1598-2572-5284-8458,18496.06,2844.46,255.93,610.4,6426.0,6619.13,234.23,16,2023-05-07
C10521,7211-1398-0567-3883,14437.69,564.22,268.78,143.65,10944.11,9181.17,7500.82,34,2023-11-29
C10522,9264-9204-2034-1475,6518.56,3015.04,2707.99,1737.94,35791.47,5480.4,2694.62,8,2023-03-12
C10523,4045-0445-7776-1819,9990.19,3543.37,1359.67,2233.04,9668.2,3329.86,141.56,6,2023-10-13
C10524,4555-4149-4997-5818,14983.35,2249.54,2152.87,531.81,48929.0,2284.3,1076.73,16,2024-04-23
C10525,8973-1944-5290-1941,3037.97,4529.74,845.18,2927.49,32473.54,1964.85,40.69,23,2023-07-06
C10526,7474-9271-6914-9521,19329.54,1401.31,253.59,832.33,29395.61,11754.0,6576.97,21,2023-10-14
C10527,7958-6155-1567-5065,9368.25,1095.55,1060.51,712.21,20527.02,1143.1,661.55,19,2024-12-26
C10528,1081-3791-3336-3937,16119.33,4903.41,2075.66,2786.08,44138.7,873.42,335.01,7,2023-02-07
C10529,3132-1008-1709-1539,12375.21,3018.69,1739.65,1454.57,17268.86,8828.96,6823.58,1,2023-08-28
C10530,0542-0108-1328-2636,18756.23,3331.24,1237.15,2334.77,6868.35,1387.68,730.18,24,2024-12-21
C10531,2223-6748-7990-2766,7956.33,4499.3,3961.46,1483.52,5813.57,7612.65,3931.18,35,2023-07-01
C10532,7931-3808-1571-3527,11444.64,4294.54,324.1,1872.44,22034.82,3141.99,392.63,16,2023-10-26
C10533,3537-5472-4784-0677,12434.57,3539.63,1534.89,2114.28,32555.31,7807.09,2971.87,3,2024-08-05
C10534,7522-9040-2847-2049,16160.04,3117.84,2335.6,2514.11,41399.83,7623.98,1701.77,35,2023-12-02
C10535,2257-4042-9372-7552,1688.24,2796.19,1342.41,1024.54,42290.65,1584.32,1045.6,30,2023-09-24
C10536,8165-9765-8546-0621,2474.06,993.41,28.54,1357.69,28369.31,1257.21,1210.1,1,2024-09-28
C10537,6544-4163-9407-8397,8954.72,1503.31,814.48,1399.13,46943.88,4350.97,245.84,11,2023-08-22
C10538,3457-3943-4981-3280,19979.72,557.22,162.26,2422.71,30104.6,3726.74,3149.68,23,2024-08-26
C10539,2495-2068-2387-4676,13898.75,3122.9,1127.86,1667.33,27998.35,9298.75,8096.94,2,2023-05-17
C10540,9983-3959-5666-0875,12770.17,1824.41,72.12,2548.7,30861.64,10628.09,3674.65,6,2023-09-07
C10541,2593-4163-2541-6820,13318.85,2586.76,127.33,1802.01,44746.86,1830.07,1439.72,18,2023-09-04
C10542,3199-5711-7064-8780,5218.76,4867.38,2040.99,651.43,16990.93,3918.91,1668.79,9,2024-07-27
C10543,3135-0548-8073-4373,1239.07,488.4,340.21,2436.07,34466.5,776.44,234.97,24,2023-08-01
C10544,0757-5049-3730-7283,15810.89,658.58,151.92,2314.45,32572.35,11968.44,6821.51,2,2024-07-11
C10545,7542-7652-9352-3377,1834.77,1704.96,524.23,1864.94,33500.54,666.51,585.16,31,2024-09-05
C10546,2776-0576-6068-6812,6431.24,2059.59,1826.17,2875.75,26243.85,3696.08,644.59,27,2024-01-17
C10547,3740-5213-8646-3758,4382.28,368.0,45.49,450.36,12506.45,363.38,312.7,17,2023-10-22
C10548,2137-2582-3716-5850,11562.13,2855.63,245.27,1195.11,36323.84,5287.06,2154.39,10,2024-11-12
C10549,2982-7548-6799-6832,15728.86,188.75,118.25,913.05,24244.99,4451.51,253.13,14,2023-10-13
C10550,0196-8170-2578-4132,16113.64,1752.78,324.52,537.12,9986.54,11870.84,7263.47,2,2023-12-17
C10551,9645-1098-6941-1492,19846.18,4430.3,3073.83,2273.28,18278.73,2432.18,188.27,27,2023-12-21
C10552,4577-8070-7405-9603,10176.41,481.11,310.52,2539.07,16346.61,1678.84,1640.71,2,2023-03-22
C10553,2535-5126-8015-3066,4740.13,3213.22,2816.54,1471.15,20370.22,4053.3,1990.99,28,2024-03-31
C10554,9941-5788-4749-9660,5585.64,1982.87,1798.39,2583.5,42057.68,2179.15,1210.69,9,2024-05-01
C10555,5126-9389-5147-1702,16430.72,3563.5,746.52,1475.73,6617.7,4404.7,3401.08,33,2024-08-12
C10556,9250-2510-0363-5085,11976.07,4198.8,1130.86,394.65,8243.53,4333.7,3249.09,22,2024-07-12
C10557,5280-9934-2024-4944,13124.31,2060.5,429.01,485.99,42282.83,7734.92,3185.4,27,2024-06-03
C10558,3277-4767-2501-0157,16291.55,3760.47,3597.61,1537.1,7501.23,207.05,57.44,27,2024-07-19
C10559,5022-7549-9602-7525,14537.53,1398.44,282.86,1936.47,39319.71,8100.62,5612.51,28,2024-01-10
C10560,9501-7025-9052-6094,10485.04,3099.53,2735.72,843.05,33573.64,10319.44,7293.17,23,2024-01-22
C10561,9553-2836-1550-1276,10436.76,273.92,2.31,2197.13,28819.45,9077.95,1699.06,25,2023-09-14
C10562,6993-6075-3080-9469,13581.08,319.72,166.26,517.08,40749.66,5063.85,2102.99,22,2023-07-14
C10563,4075-8880-3664-8920,6243.75,3897.51,1086.03,2119.53,16869.96,621.47,573.3,31,2023-11-06
C10564,7393-4570-0292-7071,2465.37,1308.74,453.31,2028.36,27143.59,1023.17,829.11,27,2024-06-20
C10565,2708-6633-9532-7358,8915.91,2899.46,2736.08,1674.25,31961.45,8747.59,4808.09,1,2023-10-11
C10566,3275-9443-8399-4243,3159.49,4536.81,1715.91,2884.67,5354.72,2941.52,1275.11,12,2023-06-14
C10567,8475-4873-5413-4733,9215.22,1497.78,1253.08,50.61,5905.88,307.32,292.17,13,2024-10-31
C10568,6206-8299-6658-9215,3436.13,3639.86,517.12,2395.26,48169.66,3335.34,2390.9,31,2023-07-26
C10569,1909-1189-8772-9503,9512.04,1253.15,642.15,373.06,33577.62,2742.88,2600.13,26,2023-11-25
C10570,1704-7824-4003-2052,15564.84,4841.52,3437.41,2807.06,33938.81,4397.88,2740.18,18,2023-12-20
C10571,0294-7949-8935-2988,12063.32,3428.73,1843.13,2660.88,29129.98,559.29,409.51,9,2023-11-17
C10572,5674-9685-6145-1188,16438.49,3721.52,1316.67,673.7,17884.04,3038.76,2003.49,23,2023-06-08
C10573,5187-1528-0008-1741,16469.87,4909.83,4714.22,1077.85,41592.17,5778.36,3891.22,8,2024-12-24
C10574,2212-6809-8414-9121,5365.95,4492.71,369.79,910.64,44000.55,2355.83,52.27,19,2023-02-01
C10575,6840-0256-2768-6173,15635.48,1764.09,1398.95,112.74,45844.32,3993.11,3311.31,32,2023-01-22
C10576,4659-4713-4047-8843,8639.94,1142.18,870.99,1346.06,27456.43,2033.81,128.9,26,2024-08-18
C10577,0662-5369-6230-9155,19266.7,4173.24,2649.59,2464.48,5530.49,2941.5,2283.47,24,2023-05-28
C10578,0453-5126-3197-8043,3556.56,3808.01,830.36,115.24,48409.66,1930.7,424.65,33,2024-05-05
C10579,0537-6123-7573-5414,7545.86,1770.32,328.75,2530.13,31357.27,468.42,55.74,34,2023-09-03
C10580,0430-7723-2649-6063,1419.43,3263.56,2581.17,19.62,11199.33,1178.26,841.02,21,2024-01-23
C10581,4891-7845-2003-5462,19348.25,333.21,157.85,1183.18,18527.33,3779.05,1011.97,23,2024-04-08
C10582,1937-3604-9067-6022,12807.07,2714.7,2647.58,1399.19,23682.75,5777.68,3619.74,19,2024-10-25
C10583,8453-9784-6160-1519,3219.31,1719.94,1488.56,2391.84,22781.23,146.76,26.57,15,2024-08-30
C10584,7790-1975-2712-0960,14577.22,2269.59,273.18,2577.21,25780.33,5137.64,3177.14,29,2024-04-24
C10585,3391-8448-4853-5126,3079.76,3670.64,1665.82,1374.62,5136.18,3064.9,2800.61,8,2023-11-27
C10586,4491-1290-6095-5015,16603.12,2650.86,1986.8,1571.83,30709.41,14003.41,13806.71,27,2023-07-26
C10587,6383-8691-7999-9274,6356.4,1160.17,253.11,2996.48,43703.84,103.53,20.51,3,2024-11-01
C10588,6341-6426-8433-9199,10454.92,806.55,489.5,2079.74,27473.15,10308.24,6504.52,27,2023-10-23
C10589,4143-1467-8307-7295,3925.54,4684.63,3341.63,2864.33,34799.97,662.11,269.88,22,2024-03-28
C10590,9737-1797-5960-4220,9318.56,4933.8,3847.95,2659.29,38970.79,1009.85,603.71,1,2024-04-28
C10591,7424-4368-7416-6566,6576.95,2348.86,1969.37,190.98,47143.47,4540.59,4069.25,12,2023-03-03
C10592,8096-5446-9936-8762,2534.62,3558.15,2933.08,324.68,41257.5,2305.99,498.8,19,2023-04-05
C10593,2064-4832-9357-4991,8703.15,4046.94,3742.85,1755.08,46895.23,3990.1,151.16,4,2024-12-18
C10594,6710-3266-6348-2638,16914.27,2507.53,160.1,1925.15,12283.5,3917.31,741.28,13,2023-10-19
C10595,8081-4591-8054-0514,14278.23,420.51,294.77,2551.84,19588.09,13378.22,7514.82,19,2023-12-09
C10596,1523-4575-2793-9442,8169.64,2305.46,2044.81,1907.03,15029.11,7256.05,1739.01,7,2024-12-07
C10597,3993-9372-8481-2699,1726.12,2115.72,1455.45,1332.14,37359.92,1370.35,632.89,32,2023-06-09
C10598,1428-8078-3332-2105,10837.89,1027.05,79.51,668.4,36637.26,7218.95,3272.25,36,2023-07-07
C10599,8913-8306-3151-4951,9530.72,4707.66,501.73,1528.5,45351.6,1061.88,893.61,35,2024-08-06
C10600,6672-3402-9060-0655,2277.27,909.17,654.45,1261.81,38946.89,1150.3,21.82,19,2023-02-06
C10601,5057-1489-2557-6379,784.23,2521.26,993.71,2232.71,16196.8,587.52,490.53,14,2023-02-26
C10602,1654-7088-9921-1462,15287.92,964.7,923.21,2177.07,17683.77,2036.64,247.64,29,2023-05-09
C10603,8176-2261-9199-5747,14398.38,778.92,295.75,2823.02,30112.42,3760.3,2025.09,22,2024-10-18
C10604,5617-1281-9702-6887,15155.19,4248.3,1823.62,2862.63,28874.08,14864.91,14462.29,30,2023-08-09
C10605,4496-0174-8894-0274,5755.95,803.86,269.82,1426.15,13890.59,5193.14,801.05,10,2024-06-24
C10606,5890-7464-7478-6503,14573.55,484.13,231.3,828.66,38066.6,11381.93,918.28,14,2024-03-21
C10607,6363-7256-1427-2411,13612.34,2186.64,927.12,2868.5,8861.72,13002.6,9306.73,3,2023-06-03
C10608,6175-7845-3409-4275,13175.48,1294.77,825.88,1666.01,32082.83,7461.09,6566.03,23,2024-06-21
C10609,2220-8209-7499-8278,6195.2,539.88,428.27,134.39,16553.59,6009.63,3412.67,4,2023-04-30
C10610,8664-9800-5120-3821,17909.92,851.22,538.83,2743.84,12436.89,11258.69,4374.52,12,2024-09-21
C10611,1491-1542-1538-4686,13108.47,3110.15,2766.49,2453.53,46653.15,8858.79,1574.44,24,2024-01-31
C10612,2414-2860-8415-4069,18390.68,4200.52,3450.57,1838.89,30191.23,17742.05,2911.67,12,2023-11-07
C10613,3443-7665-5617-2362,2084.9,959.91,663.49,25.51,27907.01,282.78,223.86,22,2024-06-16
C10614,5466-5443-1425-7388,16457.08,3302.76,1195.6,1287.15,23819.64,7060.76,5752.88,20,2023-09-18
C10615,8152-3307-9156-5409,10430.16,517.57,296.51,2550.16,21033.43,2510.87,1366.45,36,2023-03-02
C10616,8312-6433-0483-3348,19454.03,2643.42,2469.2,1618.51,19977.16,18564.95,1290.83,8,2024-10-02
C10617,4610-1501-6031-0209,9707.49,4327.3,356.39,338.16,31403.76,6646.19,2440.49,13,2023-03-16
C10618,8955-9213-9756-4218,14884.93,2438.22,1930.8,2735.76,20200.09,13744.66,6513.3,21,2024-07-04
C10619,0214-5576-3797-0756,7122.58,811.06,513.73,480.38,42941.09,6949.32,6670.16,31,2023-05-25
C10620,9646-7818-0474-5416,9177.21,3027.69,1321.23,2506.17,28225.24,5039.62,1435.21,16,2024-05-12
C10621,2488-5014-8576-3816,8346.97,2580.09,1289.98,2434.06,47926.63,1615.6,971.77,31,2023-06-28
C10622,0405-2680-0450-5674,10795.91,3629.07,2794.22,179.6,15443.83,5360.82,911.91,16,2023-01-06
C10623,8593-1839-8662-0599,18297.52,1704.45,1657.8,2034.15,44889.61,17362.62,5418.45,25,2024-08-25
C10624,8563-5953-1243-1161,8361.94,2893.14,2114.97,567.92,42436.48,6992.25,3444.6,12,2024-08-24
C10625,0921-8986-9529-8262,753.91,2054.93,156.28,612.45,23881.82,366.57,306.53,20,2024-08-16
C10626,9405-6766-1322-5964,7727.64,2245.4,2059.34,2498.86,28210.9,2735.71,1984.71,12,2024-12-09
C10627,5538-6122-7506-8575,531.36,4570.26,3302.63,164.0,44797.02,511.38,346.59,28,2024-04-24
C10628,4501-0053-8877-6151,14127.79,4311.6,3326.19,365.27,21990.83,12034.99,7535.17,16,2023-02-24
C10629,9380-7841-3223-6912,14797.92,325.91,255.22,1983.8,35446.86,12649.05,1349.54,13,2023-01-05
C10630,6738-4504-4247-1781,9905.38,3773.74,1683.53,1423.44,46645.8,195.62,21.65,27,2024-06-27
C10631,5987-9637-4160-1379,1590.92,727.89,396.22,2162.66,9530.43,1526.13,1403.19,7,2024-05-02
C10632,2170-8249-1336-7955,6934.94,345.91,272.99,1836.46,37153.42,6714.28,3904.73,28,2024-04-24
C10633,0036-8978-2743-5425,4728.84,872.66,239.09,458.85,29288.86,1781.82,1690.13,16,2024-10-06
C10634,1213-5698-6909-7722,10331.0,2707.41,722.3,252.21,5446.63,467.62,430.83,16,2024-10-13
C10635,2139-2414-8702-8680,11753.43,1783.21,786.18,1386.99,5723.13,9764.09,160.86,10,2024-03-01
C10636,3761-8305-7673-7934,2037.01,966.63,754.49,1447.27,41011.56,1912.38,1400.32,21,2023-02-26
C10637,5013-9879-8965-1391,1376.29,3494.69,3088.84,53.63,33632.63,996.06,62.85,24,2023-06-08
C10638,3264-1587-0594-7997,13969.85,4724.95,1711.36,2956.2,45887.86,1351.04,938.19,2,2023-05-17
C10639,2588-2008-9906-0863,1467.01,3480.62,1888.32,738.07,25996.95,233.95,204.53,1,2023-07-11
C10640,8945-0609-3896-1037,14045.79,4368.35,489.88,2306.07,35556.61,10162.17,3694.16,34,2024-09-22
C10641,7446-4915-2261-8693,6053.99,113.75,44.07,833.89,40665.86,5388.58,1354.99,22,2023-01-22
C10642,2381-2519-5487-6511,11356.0,172.46,85.9,220.37,47200.63,7767.89,332.84,10,2024-10-18
C10643,0876-8979-5195-3054,12631.49,4738.96,187.04,1388.55,37939.88,5594.42,2300.13,11,2023-07-21
C10644,6715-6314-0945-5752,7636.54,3078.58,2418.23,1821.13,39142.17,5469.91,3392.88,3,2023-05-10
C10645,5878-6024-1067-4949,3757.57,1796.84,771.5,2494.81,37425.85,424.66,375.67,23,2023-07-27
C10646,1708-3443-7058-0860,4873.89,2761.01,1202.85,1820.68,43322.21,1334.61,612.77,17,2023-12-01
C10647,1072-6334-4016-9029,6060.32,3376.65,1522.82,2591.78,17003.02,6042.8,5821.14,3,2023-03-09
C10648,9605-8123-0033-2010,11928.61,3989.62,2978.31,2798.06,6276.59,8751.71,5769.35,20,2024-02-28
C10649,6021-6250-0914-6699,2214.12,864.93,826.94,539.51,17832.1,1572.93,1511.59,28,2023-06-21
C10650,9166-9933-6897-5947,4976.74,266.98,74.69,987.76,39763.9,601.68,74.07,29,2023-01-03
C10651,9487-2149-0733-5040,4272.98,2906.13,591.52,345.3,16502.83,4140.15,2959.27,15,2023-05-18
C10652,0931-4827-7814-7263,11867.01,4920.6,3534.7,2753.43,30851.59,2869.6,1434.13,27,2023-04-01
C10653,8150-3229-0166-0878,17662.56,2413.48,2104.36,2889.57,13038.06,17134.86,10251.68,27,2023-04-25
C10654,8646-4212-2693-1302,12881.14,3421.14,1727.4,426.68,49214.5,8356.88,2279.86,17,2024-07-09
C10655,4664-4319-9399-5745,1864.31,2164.25,2071.55,496.55,11448.8,1078.37,969.0,18,2023-05-07
C10656,9215-0455-3961-9707,19110.69,4528.85,2384.41,359.68,43156.46,7962.7,597.48,17,2024-07-15
C10657,5470-4314-4665-0396,18085.38,1810.06,835.69,2944.6,34992.65,16078.7,11991.69,23,2023-12-23
C10658,9669-4574-9632-8806,3977.02,4214.53,2512.07,2803.08,10775.32,1055.01,107.04,3,2024-02-28
C10659,4693-1331-7152-2155,18334.43,2551.13,1014.02,1456.52,9060.61,971.36,302.79,23,2024-04-29
C10660,0262-4981-0771-2395,3004.83,2021.83,952.5,2468.15,27019.09,2139.63,792.37,27,2023-09-20
C10661,1571-8236-7342-1169,11582.57,3366.03,66.78,2885.14,8039.45,6640.61,3054.45,6,2024-04-18
C10662,0572-9569-6805-3442,12350.85,2952.19,1165.02,254.64,27139.58,3202.1,2120.98,22,2023-02-05
C10663,4585-7468-4759-4574,4120.38,4480.94,2643.02,2073.5,48539.37,1010.81,633.08,33,2023-12-26
C10664,1722-5369-4099-7595,11023.81,1836.25,864.08,1851.97,47603.69,2299.13,706.4,15,2023-11-17
C10665,7167-0518-1826-5892,4518.56,3268.92,1941.46,313.4,28641.49,874.0,43.93,26,2024-07-14
C10666,1609-8630-5101-3840,836.65,1445.32,99.97,2741.9,48969.41,697.62,408.24,3,2023-12-12
C10667,2928-7921-9366-1603,18294.26,490.49,410.26,2883.25,8757.19,7852.91,7576.01,10,2024-10-07
C10668,1359-3529-6531-4215,10370.91,1616.01,868.6,1549.96,20683.66,6420.75,4505.64,32,2024-07-07
C10669,6942-3979-8369-8186,2172.21,3324.97,708.84,1588.47,17375.21,970.72,174.25,16,2024-09-08
C10670,6621-8469-1755-5411,8861.4,1179.21,489.78,1627.95,24623.26,1840.68,670.35,3,2023-11-21
C10671,2121-5715-3282-6860,9722.16,1773.12,760.99,2363.21,38470.61,2903.16,1066.54,29,2023-03-16
C10672,5829-4090-4941-9128,13828.33,2508.62,320.82,1603.65,21436.42,4770.36,837.16,6,2023-09-20
C10673,6620-5487-9458-1906,8566.99,1313.65,179.42,678.38,46178.24,3386.06,3080.45,31,2023-10-23
C10674,1487-5342-6656-7049,5003.52,3586.04,2207.61,1934.63,24816.27,1552.24,1221.26,4,2024-09-12
C10675,0922-3093-0435-5496,10679.74,2901.93,1234.53,356.24,25242.99,2869.37,572.95,20,2023-02-10
C10676,0321-2307-6495-0269,13864.97,421.53,277.61,1281.06,39914.06,1040.77,425.63,14,2023-01-10
C10677,4467-6465-7258-4880,7278.32,1796.71,1352.01,1759.6,37594.81,6193.36,2187.47,35,2024-01-31
C10678,0140-6926-7736-3298,8078.84,453.29,151.33,2956.86,47476.64,7735.87,6059.77,34,2024-12-05
C10679,1610-2032-6694-4526,11635.52,3372.46,1718.93,1570.32,10066.14,3724.3,1890.89,6,2024-07-18
C10680,4347-4831-2802-8330,10783.32,2841.43,501.54,1694.48,18818.23,1449.64,1260.86,8,2023-12-18
C10681,4121-9147-1600-4886,10090.8,1157.26,719.1,2727.25,43340.05,8827.46,5560.6,19,2024-03-16
C10682,9142-2762-9150-2547,19968.48,448.59,266.67,2057.33,7594.91,11897.03,7000.48,35,2023-03-05
C10683,6098-3428-9914-4605,9888.45,3915.71,945.04,183.46,22796.97,822.02,639.11,5,2024-02-26
C10684,4600-3909-3282-9676,4645.39,2751.68,934.79,1072.87,35492.1,1439.43,842.75,16,2023-10-24
C10685,1392-9448-3344-6493,18308.77,701.66,273.76,1865.23,13333.49,12845.81,1305.9,26,2023-10-09
C10686,4792-5211-3223-0226,5370.82,2441.3,1649.53,2286.57,24103.35,3673.39,2804.44,8,2023-09-11
C10687,1762-4359-3976-7419,3800.21,221.55,123.48,1318.4,40087.69,908.61,573.76,27,2023-06-30
C10688,6214-4305-6783-8028,2053.78,573.07,464.93,2765.29,6113.56,963.66,628.02,15,2024-04-13
C10689,8091-0652-9734-3097,5523.37,2917.75,2540.87,1918.38,44218.13,4969.82,4102.8,26,2023-08-06
C10690,9251-2570-1445-0746,6285.47,3622.29,1016.28,1286.42,28155.13,1669.75,136.59,11,2024-03-12
C10691,5217-4600-2866-6461,4002.39,1874.66,1185.37,653.99,38186.46,1232.24,986.47,18,2023-02-18
C10692,6283-5335-4582-7919,6459.52,2365.28,691.75,1412.44,26287.26,6223.06,2281.96,9,2024-11-08
C10693,2899-9640-5935-3767,19863.11,4894.15,4509.45,1628.92,41774.17,17151.8,13579.53,11,2023-07-25
C10694,5623-5890-6150-6410,2456.28,4690.76,4247.01,529.19,22374.78,1821.08,279.7,34,2024-05-14
C10695,2605-4096-2464-7337,13595.3,566.32,454.67,1379.6,48083.8,12570.4,5579.1,6,2023-08-16
C10696,8953-7851-2227-2766,13583.65,3472.86,2309.16,2337.69,14537.35,6016.4,4461.43,2,2023-04-02
C10697,2685-1012-3489-1079,12639.3,1889.32,163.73,1778.34,17490.68,8188.96,2826.89,36,2023-10-06
C10698,6031-1143-5271-6412,12585.79,2018.73,887.28,1789.6,46661.71,1619.7,411.29,21,2023-05-23
C10699,8004-1075-0544-6369,10977.4,4109.82,181.27,1931.0,15328.21,1622.4,647.47,7,2023-04-16
C10700,1411-0460-6518-5744,6060.31,1518.14,974.58,2818.14,9067.5,5673.08,563.05,31,2023-07-22
C10701,0922-4471-6276-8659,10369.84,3776.02,510.09,1693.83,7641.19,4547.6,509.85,9,2024-08-14
C10702,6045-8261-7603-3822,8883.46,1443.41,175.89,1053.25,6543.42,7818.61,553.56,34,2024-03-19
C10703,7854-9178-1681-5963,6359.56,1884.83,1613.91,722.37,40731.76,6154.17,5891.85,12,2023-08-02
C10704,9909-3095-4268-1285,3070.51,184.77,159.64,2732.11,48511.12,1070.2,786.59,13,2024-04-01
C10705,7832-5941-4623-3210,6526.41,484.55,349.73,2525.99,18780.78,914.48,659.66,8,2024-05-29
C10706,9896-6308-7536-1353,4310.01,4464.51,1053.8,1206.67,35420.11,1768.4,1096.16,8,2023-10-10
C10707,8224-9351-3791-4608,7521.21,3282.18,3121.71,762.0,44154.92,3764.66,1228.79,25,2023-04-20
C10708,8987-0678-4218-3216,12762.91,803.04,243.23,1034.16,33448.8,8323.72,6630.03,35,2023-04-21
C10709,8467-9937-1686-5753,16344.17,440.73,293.27,7.36,46227.03,3935.13,3229.36,12,2023-01-23
C10710,0810-2113-6648-2619,9519.7,527.92,452.44,247.27,11305.07,7239.68,7124.34,28,2023-03-21
C10711,4283-0042-0387-2813,15288.21,1516.6,1210.45,1472.46,16338.54,13418.23,4620.15,4,2023-10-31
C10712,1277-0241-2371-6141,10169.27,911.79,56.77,1248.35,48364.93,10034.76,891.45,18,2023-07-01
C10713,9636-0243-2741-6208,7207.39,3540.58,3505.54,1494.18,45517.34,4931.95,419.08,15,2024-01-30
C10714,4165-0998-2069-6545,14805.64,4041.85,799.39,138.28,31137.06,968.09,392.52,26,2024-03-05
C10715,7135-7683-7715-9963,18959.62,1800.57,1690.01,2710.52,6644.41,368.92,318.0,23,2024-09-12
C10716,4257-1064-7800-1183,15653.75,2242.32,1873.93,2289.09,7103.31,123.61,23.54,34,2023-01-24
C10717,4166-1288-5698-2528,9896.67,1089.45,315.18,1761.89,24806.35,6368.83,4637.17,33,2023-01-01
C10718,6366-6365-8275-0760,1851.89,3612.98,2779.47,2363.46,25812.48,711.39,474.87,24,2023-01-14
C10719,6412-5594-2795-6192,10424.67,2395.83,984.58,466.77,40215.93,2250.36,199.0,31,2024-10-22
C10720,1788-2160-7918-9870,2629.14,537.32,464.38,1551.93,45844.4,725.59,404.65,35,2023-08-27
C10721,9161-8919-8985-7168,7879.13,761.1,331.49,1271.52,27480.24,2870.21,2685.14,18,2023-04-17
C10722,4618-3756-1671-2309,5350.93,933.04,204.33,30.49,20747.32,2406.49,1621.83,3,2023-01-04
C10723,8486-8097-2616-2547,15680.59,1321.87,1285.45,2041.7,14233.07,15169.2,11432.49,28,2024-03-19
C10724,8327-0815-3057-7406,18631.12,1563.27,69.84,2091.71,28916.25,4415.77,2333.6,30,2023-11-11
C10725,8978-9683-4002-4517,2358.55,4713.39,2573.68,2642.53,5076.72,1170.2,889.93,14,2023-05-05
C10726,7681-0521-0752-1217,6878.43,3875.34,318.97,2624.27,20602.71,6176.04,3615.82,2,2024-02-01
C10727,0491-8177-5812-1730,17786.26,4969.11,1625.2,1652.22,17845.26,2053.16,93.58,5,2024-12-17
C10728,5206-8986-4848-8353,13504.3,3285.44,2383.03,2116.54,31997.71,919.72,198.67,6,2023-06-23
C10729,8570-9361-8089-9006,13390.94,3046.18,1997.68,2484.75,21242.99,4262.1,2923.12,19,2023-05-11
C10730,9030-2879-8050-4916,1691.91,1586.07,590.93,1747.14,29174.53,329.14,324.2,6,2023-03-31
C10731,7206-1014-3021-6267,3397.92,583.84,277.7,2322.99,19067.02,1946.37,612.55,23,2023-04-01
C10732,1930-8062-1696-0050,7234.5,1402.55,202.04,1627.58,40454.02,723.97,198.94,19,2024-02-13
C10733,6514-2874-7131-0001,5384.74,3007.54,2807.64,432.2,9427.35,834.95,490.21,26,2024-01-10
C10734,9765-3271-0844-4615,6182.65,404.36,392.08,1248.7,24204.91,5964.75,3011.09,21,2023-02-26
C10735,3731-7749-8173-9830,16378.86,3066.06,1692.05,2086.07,39784.57,2010.1,154.36,24,2023-05-28
C10736,6941-0689-8680-9263,1036.08,3038.5,291.13,1897.65,7489.83,846.16,517.02,35,2024-06-14
C10737,3025-1766-8641-8627,4980.89,3928.19,1474.22,1189.02,20941.03,59.35,46.88,35,2023-02-25
C10738,5282-2874-7030-9916,13849.58,2163.06,993.72,1439.07,32229.75,1202.7,864.85,3,2023-06-16
C10739,8140-6107-3270-1931,1049.94,3702.11,1790.61,1521.51,13990.22,593.88,20.22,7,2023-01-20
C10740,2156-1520-1532-8155,13287.58,4020.02,2534.15,2102.12,34350.61,11832.58,1482.84,26,2023-05-09
C10741,0955-6590-3233-4621,11794.69,3226.27,1383.32,1844.47,31998.99,1366.25,1076.53,22,2024-04-23
C10742,6094-6824-0897-8437,18581.17,1381.76,967.18,871.81,17847.24,9777.59,904.21,31,2023-01-21
C10743,2336-8914-9998-5354,15743.22,2404.75,115.81,2658.98,35153.95,6315.59,4907.81,28,2024-11-27
C10744,2965-7333-5712-5697,10371.64,2274.28,294.59,2358.28,45894.18,3342.84,881.22,31,2023-03-15
C10745,3736-0242-8112-7085,13681.41,4824.17,352.09,2652.89,43954.51,9735.29,4479.1,19,2023-05-20
C10746,8166-3452-1402-2522,3608.35,4325.67,3188.89,639.63,33433.28,3566.24,2211.67,6,2023-03-31
C10747,7766-3577-1137-2540,15032.9,510.04,10.97,2244.97,14286.86,9685.72,6652.5,14,2024-07-11
C10748,3121-5194-1521-1676,10185.62,3283.18,155.09,2974.55,9160.58,4199.17,859.56,10,2024-08-19
C10749,9133-5854-8774-3952,977.26,4888.47,1062.66,407.25,19860.87,432.84,359.69,7,2024-03-22
C10750,3089-4043-7445-1110,4133.49,1624.71,773.38,2502.44,15996.15,3649.64,3592.17,25,2024-11-21
C10751,3091-8014-8643-3056,19120.45,2302.47,1520.36,1258.18,43446.74,7205.43,4100.25,34,2024-12-16
C10752,7457-3704-4801-7006,1225.77,326.48,139.55,1414.85,46454.36,1142.04,865.32,34,2024-05-16
C10753,9826-6749-9624-4889,13023.63,4494.61,2530.88,1876.86,26515.02,12962.15,4594.84,27,2024-12-18
C10754,1138-5242-5601-5960,13717.32,1035.43,187.75,1968.83,25725.26,2005.27,1960.08,24,2023-01-09
C10755,1426-0326-5720-0120,13306.55,1172.86,885.49,2528.65,28037.45,6638.36,4641.22,30,2024-10-24
C10756,0319-9182-5145-5697,3492.03,4734.5,74.62,998.56,44538.59,2438.1,545.75,17,2023-03-02
C10757,7152-1998-7492-2759,19436.8,3450.54,2869.06,2900.42,34060.15,12244.99,10944.62,10,2024-05-12
C10758,0493-9496-6955-5544,2600.69,2847.75,1419.86,2474.84,48320.51,1533.85,357.64,11,2023-09-24
C10759,0491-6104-4404-5165,1272.05,1973.08,792.81,421.19,21078.94,1070.32,769.93,31,2024-06-03
C10760,5626-7701-1336-9283,9063.23,1260.38,147.67,457.5,37100.38,2199.12,307.11,29,2023-06-01
C10761,7517-1014-6516-2160,9125.13,2186.81,848.34,896.2,29340.47,3948.45,3477.48,10,2023-08-11
C10762,3082-4238-5500-2569,8775.94,1978.16,1400.53,1132.41,10539.03,3430.14,2649.26,5,2023-05-31
C10763,8225-0614-0355-1800,19447.95,2488.39,603.17,1646.7,13269.21,16171.29,4721.01,14,2024-03-03
C10764,3509-1729-2272-8940,1212.66,1207.42,303.59,1662.02,15404.32,659.47,249.58,28,2024-05-14
C10765,1246-9718-7619-4976,5706.96,4467.7,825.56,186.83,31437.32,793.85,28.69,8,2023-12-07
C10766,3732-4203-3450-0156,6348.27,1198.85,229.95,1351.32,13606.13,1854.94,1636.45,3,2023-02-10
C10767,3044-8113-1156-2812,4012.32,881.36,811.06,2020.39,25631.28,3017.54,1518.11,27,2023-07-21
C10768,8154-3674-4079-1726,1642.79,4836.55,3653.08,1366.34,34594.28,722.03,15.66,8,2023-06-02
C10769,8254-5505-0148-7689,7448.55,893.41,173.81,1392.2,36861.41,165.08,73.07,10,2023-07-16
C10770,9891-2937-0316-9946,15523.88,3101.32,406.19,440.38,27268.27,11120.12,5944.32,26,2023-09-24
C10771,8467-7489-8057-1002,10843.54,938.5,756.78,1535.29,11376.47,1599.12,606.0,28,2023-07-17
C10772,0878-7359-7414-0632,1012.09,4600.12,482.84,2985.39,13034.3,228.3,46.14,16,2023-02-13
C10773,9269-6824-8124-8488,9303.95,241.41,58.61,2101.42,6448.43,8319.19,4592.86,25,2024-09-18
C10774,9557-0287-7005-2266,1974.79,4992.15,1281.35,2246.56,29616.53,1108.77,367.87,28,2024-10-02
C10775,9969-1768-2739-5223,13892.68,749.44,477.39,2534.82,27290.08,12762.58,9371.28,10,2023-09-03
C10776,8840-7725-9787-5579,538.14,530.94,509.45,1654.24,31863.12,298.15,11.68,10,2024-01-05
C10777,6466-2740-6741-9078,8257.32,4981.25,3044.16,1375.17,10560.77,6044.08,1613.74,32,2024-07-20
C10778,7784-9431-3264-1827,10153.5,4293.31,1076.29,2592.55,26320.47,7306.84,5658.93,4,2024-01-21
C10779,5608-4081-2624-3523,7355.58,3331.61,1703.54,135.38,14651.28,6801.84,5108.88,31,2024-03-27
C10780,8801-6833-4220-6975,5224.06,2280.45,2205.9,475.57,20852.55,1053.9,451.17,11,2023-10-18
C10781,9020-1372-9483-8969,12878.49,1489.74,13.38,2759.92,21262.2,4328.01,3169.09,30,2024-08-11
C10782,8615-1412-4156-9212,18812.81,187.57,67.05,222.53,12404.64,12082.3,344.29,32,2024-10-20
C10783,1436-0227-6252-5392,2317.56,4506.46,546.02,2376.73,36678.96,721.13,392.12,25,2023-09-03
C10784,3936-0937-4412-0255,8389.59,786.14,15.18,1590.01,18204.5,4911.45,3848.99,30,2023-12-08
C10785,9933-7916-9024-4440,15109.42,706.43,529.36,29.54,20120.36,9501.85,7885.04,27,2023-02-15
C10786,9705-7414-4993-4254,10791.33,4936.13,2657.53,1976.21,35534.41,5384.66,3302.04,30,2023-07-30
C10787,4674-7071-3701-4619,17638.93,2682.27,693.39,1273.16,6023.3,7208.92,5042.96,21,2023-12-30
C10788,1072-6061-3642-5942,15457.78,2766.8,966.86,1930.13,26172.01,4014.51,1799.82,10,2023-09-11
C10789,2274-2763-7408-7739,16632.79,4040.5,2114.18,865.76,16120.25,714.26,217.41,16,2023-03-21
C10790,5934-8181-1100-9673,14295.21,709.58,398.59,1056.28,21406.32,9253.91,7724.93,16,2023-07-23
C10791,9142-8071-2599-8873,18983.53,3282.11,1531.32,1492.97,41719.07,7552.72,624.69,10,2024-06-25
C10792,3560-2917-9966-3771,9894.63,3439.08,2508.36,2433.9,35092.83,427.59,171.53,24,2024-12-11
C10793,1089-0227-0258-0674,14106.34,3197.24,3036.95,1965.01,48696.27,13623.62,357.42,4,2023-01-21
C10794,5414-2019-0724-0262,10414.95,186.89,9.89,81.88,20070.8,4691.67,3558.64,3,2024-12-25
C10795,9534-6170-6586-0933,9542.05,4694.97,3861.77,637.09,30218.33,1311.62,879.64,16,2024-10-06
C10796,2970-3077-1285-5972,10138.56,802.39,739.35,2624.38,13983.6,7704.85,5368.33,9,2023-05-25
C10797,6297-5935-0558-7945,18799.34,1521.53,39.31,411.82,38904.51,4324.86,3399.06,21,2024-06-10
C10798,1461-2113-8244-5123,1243.99,2164.3,1840.88,2249.12,30893.06,550.73,238.8,31,2024-09-15
C10799,6255-0609-1752-3747,5644.99,1230.23,521.76,937.32,29041.4,5187.93,3368.63,35,2024-04-15
C10800,3295-7508-1895-0680,4376.14,4592.96,2397.58,2935.26,36353.47,3546.11,1765.85,22,2024-12-17
C10801,6973-6539-8281-7389,18434.74,3759.04,3394.05,2827.96,14979.12,18340.99,17321.45,36,2024-08-20
C10802,1394-7946-0789-3428,1294.29,3591.37,987.71,1433.69,26189.26,481.39,251.88,35,2024-06-07
C10803,8972-3852-7644-0260,6130.61,4523.75,4332.33,2098.2,34002.13,3425.63,2722.32,4,2024-04-08
C10804,9171-5220-4326-8973,19115.86,1717.79,1446.99,2965.87,5554.18,3140.75,1810.09,4,2023-10-29
C10805,7787-7240-3527-1687,7469.33,1965.19,341.73,2473.02,6727.81,1053.34,410.87,23,2024-06-18
C10806,9857-4538-1049-1811,5764.5,3014.45,2232.0,1809.77,14704.74,1278.18,676.33,12,2024-01-10
C10807,2137-3970-1813-3699,11329.5,3404.99,1555.36,2056.01,31163.62,7726.28,562.5,5,2023-07-06
C10808,3692-7280-4437-4303,4853.53,4984.45,1791.29,2002.43,26824.5,3959.12,1306.64,10,2023-05-17
C10809,1916-7809-1821-3438,18727.04,2901.98,562.92,74.81,41701.8,3197.65,3094.67,19,2024-01-26
C10810,7783-5572-0970-6188,998.72,1636.14,275.75,1240.14,46236.0,227.23,218.41,24,2024-04-04
C10811,0922-8163-8995-8141,13645.36,1786.68,949.4,1369.65,31435.72,13446.87,5978.62,35,2024-01-09
C10812,5173-5384-7197-8180,11167.43,589.36,582.58,24.83,35626.19,2591.11,61.01,5,2024-11-13
C10813,7752-6260-2908-5005,2686.91,4940.72,1788.43,2839.14,48569.06,1443.93,278.97,31,2023-03-15
C10814,9376-8726-3512-7461,4381.85,2722.24,206.11,2813.3,10383.46,1922.38,740.84,15,2023-10-15
C10815,1027-1662-7639-7336,10004.26,3856.19,1177.94,2273.41,20991.75,7969.94,1980.15,34,2024-12-25
C10816,9280-0882-0114-9860,14448.01,3911.97,965.2,1272.78,28893.74,1818.26,1007.14,23,2023-08-21
C10817,2321-3734-1706-5158,5200.48,2342.87,388.23,810.13,8017.86,1979.77,1483.88,1,2024-05-05
C10818,2739-0172-5061-6501,11456.7,2409.57,1069.29,973.75,38532.75,7390.07,6709.89,11,2024-08-28
C10819,9892-2524-9454-1833,2747.99,2110.79,1621.84,2652.51,10817.44,1920.53,1075.52,18,2024-11-04
C10820,8643-5701-7606-1468,6166.45,909.09,886.77,822.89,41867.02,1659.92,1449.97,27,2024-09-14
C10821,7600-4808-0855-4176,18756.2,2284.16,929.38,366.79,35209.05,10342.32,9683.44,4,2023-04-27
C10822,5101-6846-4397-9084,4207.14,4868.13,674.64,1906.21,11166.91,3714.83,2287.13,17,2023-04-13
C10823,8071-5050-2865-3368,19612.58,2265.73,2238.36,2818.49,20084.81,4613.75,1001.83,8,2024-11-20
C10824,2847-5613-4382-2183,12245.97,3669.22,2929.52,966.37,20556.64,9278.86,984.46,11,2023-04-03
C10825,4278-0574-3726-3190,17559.34,4378.48,2757.1,974.5,8196.0,8088.81,5581.94,7,2024-10-07
C10826,8129-0620-3192-3827,14116.56,4463.83,1392.53,552.22,7499.5,12279.16,2970.9,17,2024-06-10
C10827,3864-5826-6191-4141,7870.95,2401.37,1233.81,423.95,36435.06,6169.37,2408.63,21,2024-09-15
C10828,9183-5060-9661-1248,932.73,3536.44,2108.58,1110.26,31036.4,785.75,594.9,28,2023-10-03
C10829,8340-9221-5238-3983,18941.91,2401.63,1637.44,461.54,24919.32,8350.07,2943.24,23,2024-02-06
C10830,4318-8837-6646-5153,893.86,2021.09,1811.99,1995.5,22113.24,154.45,65.15,9,2024-09-02
C10831,9298-2076-4774-6815,1634.23,4539.9,2420.02,1009.33,30750.51,200.04,11.17,36,2024-03-02
C10832,5259-9192-7538-3722,521.9,2523.83,77.35,1044.75,45102.37,206.81,195.29,36,2024-01-05
C10833,0601-8715-7158-6187,13103.4,4031.41,1478.47,2317.56,12775.44,8809.74,2484.4,2,2023-07-20
C10834,2545-9352-1615-4584,16421.35,675.09,395.28,1919.54,39127.01,6468.08,783.25,20,2024-08-05
C10835,4516-7938-3695-8111,17388.78,891.9,261.8,1762.23,41757.87,10150.44,9344.31,35,2023-09-11
C10836,3615-1387-1580-1150,7730.94,4163.84,282.56,1489.09,11535.6,4488.58,4053.72,14,2025-01-01
C10837,6031-7911-3479-4135,14835.76,257.55,172.81,1952.65,19171.27,7653.11,1559.14,1,2023-11-23
C10838,9127-3083-9214-5181,3043.57,3299.15,2234.61,494.75,18431.22,612.99,462.05,20,2024-06-09
C10839,0847-5446-9388-9831,18561.41,3348.97,2409.45,1311.76,17513.8,7194.14,6132.34,3,2023-03-28
C10840,0763-7019-1319-8275,17787.58,2336.25,96.41,397.34,47317.33,10996.93,7213.49,33,2024-02-21
C10841,7334-0407-9617-4330,8036.42,3914.77,2909.72,802.51,27286.07,667.6,123.48,13,2023-09-03
C10842,4299-5946-6770-0290,2756.8,2273.02,141.19,1412.01,43421.63,2447.21,2203.12,4,2023-11-26
C10843,0579-5988-4918-0995,4182.99,946.67,224.98,211.43,6604.0,4162.55,1280.06,9,2024-09-22
C10844,8475-8667-6280-3332,2470.75,207.03,26.25,2898.1,18002.77,2006.7,1622.79,3,2024-03-22
C10845,6055-7849-3878-1893,9091.65,1907.69,1746.7,2943.95,33350.55,212.62,155.1,31,2024-06-25
C10846,8518-1393-3557-0061,19909.32,3713.18,2244.36,2891.25,10797.4,720.2,528.73,34,2024-08-13
C10847,8613-7037-8483-8222,9002.65,4621.8,673.43,1399.33,10281.67,4897.96,1320.0,31,2024-01-01
C10848,7693-3983-9359-0388,7216.24,2162.59,902.94,2577.86,49114.11,5308.03,5244.27,13,2023-04-26
C10849,0598-2392-3286-8061,9293.54,1224.21,1148.64,2135.92,7319.13,541.25,467.42,1,2023-10-08
C10850,5171-3754-5109-7919,11777.58,1943.36,97.47,600.67,29603.31,3514.01,2986.03,13,2024-08-14
C10851,0463-1246-2920-9118,14700.64,1335.72,456.39,438.23,19051.22,10242.12,386.26,22,2024-09-01
C10852,2039-5418-7210-6721,15623.47,3250.8,60.34,1893.15,18835.35,14313.43,12407.18,26,2024-06-26
C10853,6708-9965-5047-1895,17752.11,3045.79,2785.32,866.18,20655.32,7478.72,250.38,10,2023-09-22
C10854,5008-9841-5348-5678,9897.38,4953.69,332.35,752.97,19900.36,5630.96,2675.5,16,2024-02-17
C10855,6472-6733-9471-8122,8690.11,1317.49,1111.35,2269.6,33546.44,4502.59,2320.32,4,2023-11-23
C10856,1442-5619-4412-4085,1732.47,2348.86,1371.67,1701.01,10189.11,802.36,421.78,33,2024-04-12
C10857,5691-2918-6363-7615,5246.68,426.79,156.97,2025.02,45044.79,1450.27,208.98,20,2023-09-12
C10858,1274-0353-3746-5283,12411.35,1260.08,1117.1,854.5,30430.25,8799.6,5561.15,30,2023-08-05
C10859,2793-4659-9130-5570,5897.52,3007.06,81.6,2900.04,30607.14,5510.87,4670.13,21,2024-11-12
C10860,8734-3052-0140-7269,12900.3,3105.4,2239.13,634.21,43823.16,9571.79,9100.85,5,2023-09-15
C10861,7258-0844-0261-2326,17515.87,425.84,187.95,375.38,42170.38,1377.96,1090.14,13,2023-06-20
C10862,0155-6531-1646-2483,5429.09,3303.97,3196.43,757.6,24681.3,1496.91,692.15,1,2023-02-23
C10863,8749-9049-2958-4523,7209.31,4256.58,4049.8,2752.58,13019.92,3992.83,1339.56,14,2024-11-03
C10864,4892-3167-1012-6530,18702.82,3579.6,2450.29,2150.35,21918.42,10650.89,219.55,24,2023-02-05
C10865,5568-9816-0799-3897,9757.16,3020.09,2561.62,2649.06,21307.52,5825.11,1659.39,5,2023-07-10
C10866,8347-9351-5668-4409,3679.49,532.23,332.27,628.17,26860.12,657.21,269.1,3,2023-05-23
C10867,2467-5378-9367-6995,11247.53,2627.22,1466.85,296.67,28570.69,4691.45,3615.74,17,2024-11-16
C10868,7532-1023-2959-8144,3411.52,452.2,102.75,166.33,5189.88,3281.77,2722.54,11,2023-11-10
C10869,7857-4974-8587-2021,16425.53,1496.23,878.61,385.43,15233.05,3943.39,2844.68,2,2023-05-25
C10870,1779-2247-1651-6718,2312.74,2066.08,300.05,2445.57,28384.69,1281.59,87.88,17,2024-09-17
C10871,7417-9941-1872-8006,15522.97,4414.13,4049.81,2532.38,15570.5,11107.3,3676.37,4,2024-06-22
C10872,0003-7506-7546-6552,6248.45,4226.19,324.43,1109.94,19787.06,1057.54,828.24,2,2024-06-22
C10873,5979-3869-5781-7659,13390.15,4005.46,3345.27,1125.57,18137.82,5434.67,1872.17,6,2023-01-21
C10874,0666-8722-8938-3455,14290.23,3586.89,1351.64,960.52,46518.84,706.02,416.76,5,2024-02-25
C10875,1373-6929-4985-9520,11714.74,842.15,185.99,2344.6,27958.83,2239.01,1097.53,5,2023-08-17
C10876,6368-1507-3667-5592,4537.97,4151.57,2434.05,2048.05,13736.29,170.18,103.48,8,2023-07-31
C10877,8046-6722-2715-3112,11072.82,731.43,280.22,2091.97,49280.75,298.73,233.32,13,2024-11-22
C10878,9526-4236-4939-0804,5322.07,2170.77,1063.51,2504.94,41972.01,2389.22,1211.06,15,2023-09-17
C10879,7715-8935-8654-1708,17374.54,4953.8,804.53,538.2,28761.34,15194.71,11314.55,21,2023-06-03
C10880,8429-0236-9792-6879,1294.28,2997.24,2306.78,1314.88,5061.24,1058.58,813.43,7,2024-08-06
C10881,3432-3613-1218-8718,17323.94,357.9,220.63,1775.53,23582.41,13444.7,7579.73,30,2024-04-07
C10882,4701-3557-3913-7485,17255.02,312.59,236.99,2221.49,43884.45,9974.14,2250.23,33,2023-01-02
C10883,1479-6400-3805-8340,14004.1,3276.6,1075.72,2816.65,40090.83,1841.19,509.37,17,2023-06-03
C10884,1674-5416-1369-5098,784.45,1448.04,870.4,558.05,44944.78,777.7,187.48,15,2023-12-22
C10885,9816-2550-7910-4167,19287.91,1876.1,1001.85,2440.35,22272.99,238.81,232.67,15,2024-02-14
C10886,2555-2899-8604-7165,10159.79,625.16,34.79,1827.28,35742.19,3750.8,636.25,12,2024-12-30
C10887,0592-7113-0381-2985,19978.45,4804.92,2290.97,2263.22,46130.1,16897.98,15732.92,4,2024-06-20
C10888,3713-9511-6608-5390,13521.63,1680.66,520.43,1241.56,38617.4,6948.2,6407.65,33,2024-03-31
C10889,0584-4783-3492-7237,18764.99,1969.2,81.72,1021.99,49063.77,2048.74,215.06,29,2023-05-06
C10890,0490-5906-8440-1417,9260.63,3679.97,1224.97,2043.73,45902.37,9017.14,956.99,28,2024-07-03
C10891,8131-1753-1426-8740,1891.6,3377.76,454.32,1624.02,11855.32,543.89,11.6,10,2023-11-29
C10892,2303-7387-7507-7349,8470.38,2808.57,1322.36,1132.24,23012.37,4855.15,215.59,22,2023-10-17
C10893,6595-9090-5012-4536,4598.52,2620.81,746.36,1331.51,25057.39,3108.75,1746.25,2,2024-12-21
C10894,9091-1525-5410-6338,15699.92,3074.07,1167.04,1919.14,5242.06,13503.43,12914.86,13,2023-07-29
C10895,5840-2170-4886-9501,5033.26,1811.23,1810.18,2116.13,36258.41,1396.83,1291.79,26,2024-06-03
C10896,2929-1361-8422-3548,14846.61,440.4,312.81,625.28,27826.22,8023.75,2161.68,34,2023-03-16
C10897,2529-7491-0236-3547,6530.49,1652.37,1377.13,1484.19,24926.82,4580.21,3550.73,20,2024-03-11
C10898,2944-8097-4413-4673,3342.37,3957.84,3327.19,403.64,35907.49,2730.56,977.98,28,2023-12-14
C10899,8345-7735-7285-8060,6612.79,712.68,155.41,1954.69,25634.11,5305.56,1831.3,6,2024-04-12
C10900,3223-2223-3746-8528,9671.23,2224.94,2084.28,639.87,30755.65,5917.22,5061.44,9,2024-08-06
C10901,8038-5469-1338-6394,14030.6,2303.11,1598.28,2549.99,20506.89,13142.76,8220.71,17,2024-12-11
C10902,4138-6763-2133-3858,11753.88,3702.15,2271.69,1063.55,22663.04,4806.17,1611.39,5,2024-12-19
C10903,6018-0819-0972-9654,3568.31,3772.65,577.22,2459.85,46226.54,3240.51,814.65,25,2024-11-16
C10904,7480-2469-7636-6910,9816.6,2849.27,1650.67,2223.58,33040.47,8248.97,4942.8,3,2023-08-14
C10905,4836-3888-5104-0856,10524.43,4358.72,817.89,1600.26,28490.46,4562.94,2516.78,17,2023-03-24
C10906,7367-6222-0390-5107,16497.38,1614.33,1022.34,1258.99,12920.21,4241.83,1099.71,3,2024-03-28
C10907,8733-4924-2143-9056,3045.73,589.47,280.3,299.05,32748.52,2428.43,224.14,16,2024-06-24
C10908,2989-4520-0614-4876,4564.23,1491.54,1419.41,901.84,47088.01,2460.32,645.45,5,2024-04-28
C10909,0410-9621-8125-4648,18990.91,2117.18,2003.01,2193.4,15063.3,9538.24,4628.64,22,2024-03-08
C10910,7038-9664-3195-5213,16852.34,4079.87,3802.15,1012.94,32171.47,14321.32,2021.42,3,2024-10-24
C10911,9272-0944-8706-6093,14363.86,4933.75,1320.37,1760.88,36630.59,5661.83,2346.59,24,2023-08-04
C10912,4251-2152-7856-0907,12516.51,652.15,25.27,1210.97,42059.33,4535.26,4014.6,12,2024-11-11
C10913,1758-2880-3698-0460,17442.26,2160.65,1447.93,743.05,18545.99,15625.26,12279.02,4,2023-03-19
C10914,0297-2585-8551-7886,10314.18,4241.51,1795.51,1414.64,48824.16,4525.14,4427.06,33,2023-02-24
C10915,1513-6132-2682-0147,2633.0,215.69,30.13,2976.72,41061.63,2586.53,470.72,3,2023-08-26
C10916,5669-7396-3303-1103,511.33,3720.99,1571.78,1342.84,10295.3,83.36,17.86,14,2023-06-05
C10917,7236-7445-0426-4621,12935.04,3034.41,1335.38,840.37,24915.69,12564.65,6665.97,33,2023-09-06
C10918,0531-2801-8623-0882,6167.06,1399.08,156.84,296.59,10841.11,1254.07,942.1,11,2023-05-10
C10919,4023-7656-1952-9798,16421.07,3958.61,1319.26,146.1,22546.1,13979.01,7643.61,17,2023-11-04
C10920,5260-3171-3525-9883,11202.27,1347.77,1093.82,989.74,29934.03,5738.64,4847.24,28,2023-12-10
C10921,6598-2757-4562-7443,10141.69,3925.09,1778.34,521.97,43160.42,6157.81,5069.06,31,2024-11-11
C10922,4688-3555-0331-7122,18020.65,1906.55,83.54,188.13,29877.75,5111.15,2069.9,13,2024-09-11
C10923,9875-8306-7705-2323,9628.4,314.97,275.51,1280.35,28180.17,8768.61,7576.66,6,2023-12-21
C10924,0523-5721-9468-8923,18958.09,4135.85,3037.84,2227.3,22821.93,18199.37,15142.23,32,2024-08-15
C10925,7962-0384-0478-0303,11101.84,4294.94,3309.72,2873.71,19138.85,9638.3,7473.89,25,2024-05-28
C10926,8726-0279-6163-9920,5196.2,1673.94,828.01,2280.44,23844.2,2498.24,2000.74,11,2024-03-16
C10927,7458-6414-1219-5311,11588.98,2503.44,1291.45,839.42,22489.17,6970.11,978.09,19,2024-12-06
C10928,9856-9288-9759-9824,9933.54,3928.66,1695.5,2929.79,26169.21,8348.51,2685.36,19,2024-07-07
C10929,6226-9418-4149-6428,9417.19,1782.47,1206.92,296.78,42361.76,5902.62,5494.09,13,2023-11-28
C10930,4839-8836-1641-8578,18810.24,4488.52,1657.09,1737.8,46762.03,14776.7,10551.99,12,2024-01-07
C10931,2216-8366-5645-4742,3901.73,4405.34,3553.24,1747.91,43863.49,2442.29,1877.37,36,2023-05-30
C10932,4729-7739-2200-1670,4644.8,2994.49,635.22,1465.42,33128.37,1752.09,680.26,24,2024-10-16
C10933,5340-5618-5505-7493,5663.11,3306.74,1283.98,375.29,9651.52,5037.68,822.33,7,2023-04-23
C10934,1168-2094-2588-2439,17458.22,3055.03,1951.48,2730.19,44958.08,4844.83,1963.38,18,2024-07-10
C10935,5903-2469-8226-4641,4209.49,3244.04,1930.04,1104.59,26540.42,2455.72,212.4,12,2024-03-04
C10936,2730-3414-4704-5202,12126.21,2932.66,265.23,2286.89,8916.02,10148.83,1298.26,12,2024-11-28
C10937,8075-3495-8406-8095,2641.85,1655.38,919.41,1037.89,33902.81,228.43,222.5,30,2023-03-12
C10938,5087-5188-4615-9459,4834.38,4542.16,2113.89,691.43,8716.44,440.91,291.54,34,2023-07-02
C10939,4128-5091-3572-2588,9731.28,1819.88,24.59,913.8,11441.88,412.4,240.95,7,2024-06-10
C10940,2463-1823-5381-5381,12844.22,795.9,290.6,2357.0,45273.56,96.54,10.79,31,2024-06-13
C10941,7098-4914-3327-2157,1532.62,4328.35,2344.38,835.52,16648.35,244.58,96.24,16,2023-04-02
C10942,4599-7807-2945-5515,11896.91,3864.71,2581.08,242.95,49657.92,2349.59,1902.91,25,2024-11-09
C10943,3562-5882-6961-5197,5429.52,4138.92,2069.1,2070.72,8594.35,727.04,622.84,31,2024-10-21
C10944,5322-9681-3419-7761,8512.78,3576.32,2498.6,87.04,20260.09,488.31,259.87,18,2023-05-28
C10945,6556-2577-0915-1004,6482.85,2253.3,137.1,2124.86,47008.12,3615.47,3606.28,32,2023-12-01
C10946,6737-1437-3108-0484,10387.16,1696.56,1564.02,454.11,22057.13,9067.41,7695.73,36,2023-05-14
C10947,3503-8050-7909-1948,6861.93,3807.06,2559.96,1892.52,29921.08,484.11,72.09,10,2023-09-16
C10948,8822-2984-9900-6292,10698.02,3767.73,2671.71,177.33,20428.64,5692.44,4222.61,12,2023-12-23
C10949,7361-3103-3536-2213,4407.7,2405.8,907.69,1553.39,31988.3,1309.19,81.68,13,2024-09-04
C10950,5552-2983-9022-8859,17422.49,4952.35,4781.58,14.19,18729.66,222.8,197.12,28,2023-03-18
C10951,8764-8598-2647-9274,19132.99,912.41,794.27,374.05,15502.49,3512.77,2341.93,14,2023-10-24
C10952,5919-9764-5395-5746,9341.27,3564.57,295.63,1091.22,13060.68,5537.95,1265.59,10,2023-12-02
C10953,5573-2097-1997-8418,14825.13,468.48,217.5,1028.48,28787.8,929.64,437.91,25,2024-05-29
C10954,5440-1649-9316-8718,1601.92,3596.97,2703.39,1593.76,32676.18,358.96,299.67,35,2024-12-02
C10955,7592-0634-2497-2607,17272.49,4970.63,782.26,1380.32,38698.0,8320.9,5219.77,6,2024-01-04
C10956,4568-1539-6763-8606,2040.6,3618.19,2453.77,1770.49,21399.65,650.94,263.02,16,2024-09-01
C10957,2420-1719-0181-2128,7926.59,1587.05,393.81,440.27,33455.87,7394.79,3483.45,31,2025-01-01
C10958,9108-1887-1656-1219,644.28,1343.1,711.9,870.87,9630.07,220.92,139.91,1,2023-10-04
C10959,0112-4927-7831-8764,3738.63,4223.43,234.94,2681.33,46474.09,3515.31,1169.34,24,2023-08-05
C10960,9746-0499-9703-8626,537.3,2762.23,2707.68,513.66,12439.7,154.08,89.52,24,2024-01-11
C10961,9733-5427-8249-1881,8146.08,499.28,258.54,2349.8,49677.69,5464.87,4061.57,25,2024-04-02
C10962,1452-8382-9955-7392,7829.3,4465.81,1330.82,471.45,9877.14,2767.29,222.2,6,2024-12-18
C10963,6243-9564-5201-1724,6632.89,1552.5,851.15,2903.24,11115.42,1385.3,147.48,17,2024-04-29
C10964,4268-6767-6068-9063,3772.33,1970.18,297.34,1696.18,18211.15,2290.19,1593.96,16,2023-05-29
C10965,9385-5496-8396-7402,8268.88,1732.02,72.99,2750.5,41803.51,4694.08,1290.56,18,2024-03-17
C10966,6149-1037-2600-9972,1121.37,4479.06,2143.36,1868.72,35360.92,724.44,536.71,29,2023-08-29
C10967,7473-0523-4469-3488,6116.72,3439.16,2572.84,1269.86,38819.14,2234.36,463.53,9,2023-04-11
C10968,0328-8718-4929-9561,3029.49,1308.99,178.23,2589.79,8101.07,481.25,36.87,8,2024-01-05
C10969,8802-6604-4636-9185,3835.9,2140.77,1314.06,2077.22,48707.1,3754.71,2178.34,31,2024-01-15
C10970,5413-2293-1939-1728,13802.39,4163.65,3413.21,492.28,45160.54,8135.7,5143.31,36,2023-10-02
C10971,7609-5914-5076-5149,8818.53,1492.87,891.3,1257.15,28877.92,1475.98,90.72,10,2023-07-31
C10972,7676-1312-8290-0569,19634.48,340.07,189.85,782.81,19407.96,8321.2,4926.54,11,2024-11-20
C10973,9194-5085-0477-7949,16009.87,2700.33,52.09,2254.67,30695.88,12707.66,5061.67,22,2024-12-20
C10974,9767-9649-2009-8383,11106.17,3347.86,2680.08,2137.83,46529.27,5338.95,617.03,29,2024-01-13
C10975,5174-1179-4214-5449,6841.25,731.82,223.67,2595.16,26078.18,1582.6,1542.73,18,2024-02-18
C10976,9326-3316-4121-3711,19996.18,3720.83,1654.63,1624.26,40753.96,11980.83,3411.1,17,2023-04-23
C10977,9860-4851-8758-7677,19937.21,4307.07,305.81,662.24,32392.48,16212.6,14583.1,20,2024-12-08
C10978,6068-5531-3323-8985,3375.83,2776.41,2213.8,110.59,22505.4,1887.54,793.45,30,2024-11-07
C10979,7414-7962-8223-8485,15138.18,2770.84,1607.17,1494.52,8136.14,11980.98,7007.94,35,2024-04-06
C10980,3433-3422-7406-3610,3544.33,2699.64,2663.53,791.31,36377.38,344.95,139.61,30,2024-12-04
C10981,7843-3677-5196-9022,8016.38,488.42,113.51,546.12,29601.35,914.32,213.85,14,2024-06-29
C10982,1352-5757-9301-5290,17532.96,2063.76,1417.26,789.7,28648.14,15587.25,3742.12,28,2024-11-16
C10983,3364-5543-7494-4121,17138.7,4970.69,3492.66,1737.36,39349.25,781.01,504.25,26,2023-07-09
C10984,4538-1695-2037-0742,2765.24,3016.39,1410.0,1441.1,19664.53,783.78,117.69,12,2024-03-03
C10985,4630-1526-8613-3480,10951.28,4785.32,768.41,2143.92,40895.6,9969.6,8769.25,35,2024-06-26
C10986,5491-1767-1168-3910,3517.21,1839.23,1733.12,433.62,49508.22,1323.33,986.83,12,2024-08-06
C10987,4878-1430-6108-0159,16329.19,1407.87,625.65,2262.36,47107.94,6068.74,4780.51,10,2024-09-18
C10988,9206-5582-8086-7946,8482.23,1241.72,174.42,2188.24,47134.49,5737.32,794.8,5,2023-04-19
C10989,9401-4692-7697-7165,2766.78,2351.61,106.78,147.95,5484.72,1864.21,673.49,33,2024-03-15
C10990,8597-8203-6599-9128,6124.01,2344.5,1915.85,12.83,34910.1,892.58,475.76,27,2024-04-22
C10991,0833-6555-2970-2728,13957.1,1445.81,76.06,855.49,28774.29,6525.94,4603.91,9,2024-01-24
C10992,3762-5963-8606-8009,5562.84,1481.58,703.75,2173.13,11026.91,3437.07,1050.71,25,2023-07-14
C10993,2040-7768-1803-4083,13514.53,4046.73,317.22,1762.09,10801.94,10067.09,5002.87,4,2024-06-02
C10994,1998-3217-3960-8875,8211.88,3407.91,2112.07,286.46,17037.34,5100.89,1312.27,14,2023-08-11
C10995,9930-3575-7374-3695,7718.22,3911.78,2812.13,2.11,20923.73,4958.37,557.18,33,2024-06-09
C10996,5425-5123-2768-8407,9300.02,320.6,17.05,1826.01,15574.34,5614.65,2863.95,16,2024-01-14
C10997,2147-7672-1295-4069,2666.74,4353.09,1746.69,1919.16,6425.62,220.37,22.9,19,2023-08-11
C10998,3657-0142-9316-8388,19618.43,2097.01,115.94,33.58,36618.21,6292.57,6071.96,35,2024-06-01
C10999,6437-5909-9534-6614,16882.85,2159.02,166.7,1748.01,5069.17,5439.63,2670.45,14,2024-02-05
C11000,3486-7538-9964-8658,12686.33,208.49,112.6,1226.74,12994.97,1491.78,352.05,7,2024-10-23
