RowId,RID,CUSTOMER_RID,ORDER_DATE,LAST_UPDATED
2,1,7685,2021-10-06 00:00:00.000,2022-05-10 19:58:03.000
3,2,508,2020-11-02 00:00:00.000,2022-05-10 19:58:03.000
4,3,9893,2020-09-24 00:00:00.000,2022-05-10 19:58:03.000
5,4,2958,2021-07-30 00:00:00.000,2022-05-10 19:58:03.000
6,5,6894,2021-06-24 00:00:00.000,2022-05-10 19:58:03.000
7,6,2771,2021-03-24 00:00:00.000,2022-05-10 19:58:03.000
8,7,3450,2020-12-01 00:00:00.000,2022-05-10 19:58:03.000
9,8,1592,2021-04-25 00:00:00.000,2022-05-10 19:58:03.000
10,9,1816,2020-07-07 00:00:00.000,2022-05-10 19:58:03.000
11,10,3342,2021-07-05 00:00:00.000,2022-05-10 19:58:03.000
12,11,5975,2022-02-12 00:00:00.000,2022-05-10 19:58:03.000
13,12,2632,2022-03-01 00:00:00.000,2022-05-10 19:58:03.000
14,13,7169,2020-07-15 00:00:00.000,2022-05-10 19:58:03.000
15,14,6737,2021-02-20 00:00:00.000,2022-05-10 19:58:03.000
16,15,3673,2021-09-12 00:00:00.000,2022-05-10 19:58:03.000
17,16,7732,2021-06-21 00:00:00.000,2022-05-10 19:58:03.000
18,17,7523,2020-12-11 00:00:00.000,2022-05-10 19:58:03.000
19,18,1721,2020-09-22 00:00:00.000,2022-05-10 19:58:03.000
20,19,4340,2021-06-12 00:00:00.000,2022-05-10 19:58:03.000
21,20,7726,2021-03-21 00:00:00.000,2022-05-10 19:58:03.000
22,21,7955,2022-02-07 00:00:00.000,2022-05-10 19:58:03.000
23,22,4772,2021-07-07 00:00:00.000,2022-05-10 19:58:03.000
24,23,8605,2021-05-23 00:00:00.000,2022-05-10 19:58:03.000
25,24,177,2021-08-14 00:00:00.000,2022-05-10 19:58:03.000
26,25,474,2022-03-18 00:00:00.000,2022-05-10 19:58:03.000
27,26,8056,2021-12-26 00:00:00.000,2022-05-10 19:58:03.000
28,27,8418,2022-03-11 00:00:00.000,2022-05-10 19:58:03.000
29,28,3113,2021-02-20 00:00:00.000,2022-05-10 19:58:03.000
30,29,1724,2020-10-04 00:00:00.000,2022-05-10 19:58:03.000
31,30,2348,2021-05-11 00:00:00.000,2022-05-10 19:58:03.000
32,31,848,2021-08-06 00:00:00.000,2022-05-10 19:58:03.000
33,32,75,2021-01-22 00:00:00.000,2022-05-10 19:58:03.000
34,33,4418,2022-02-17 00:00:00.000,2022-05-10 19:58:03.000
35,34,9905,2020-08-28 00:00:00.000,2022-05-10 19:58:03.000
36,35,4564,2021-10-26 00:00:00.000,2022-05-10 19:58:03.000
37,36,3232,2021-10-14 00:00:00.000,2022-05-10 19:58:03.000
38,37,2408,2020-10-31 00:00:00.000,2022-05-10 19:58:03.000
39,38,4983,2021-12-30 00:00:00.000,2022-05-10 19:58:03.000
40,39,1693,2021-09-11 00:00:00.000,2022-05-10 19:58:03.000
41,40,6410,2022-01-24 00:00:00.000,2022-05-10 19:58:03.000
42,41,5940,2021-01-06 00:00:00.000,2022-05-10 19:58:03.000
43,42,4176,2020-10-30 00:00:00.000,2022-05-10 19:58:03.000
44,43,8020,2022-05-10 00:00:00.000,2022-05-10 19:58:03.000
45,44,336,2021-12-03 00:00:00.000,2022-05-10 19:58:03.000
46,45,1480,2020-07-21 00:00:00.000,2022-05-10 19:58:03.000
47,46,6418,2021-10-15 00:00:00.000,2022-05-10 19:58:03.000
48,47,8879,2021-11-20 00:00:00.000,2022-05-10 19:58:03.000
49,48,7973,2021-10-10 00:00:00.000,2022-05-10 19:58:03.000
50,49,9875,2021-11-28 00:00:00.000,2022-05-10 19:58:03.000
51,50,2168,2022-03-21 00:00:00.000,2022-05-10 19:58:03.000
52,51,9574,2022-01-08 00:00:00.000,2022-05-10 19:58:03.000
53,52,2731,2022-05-10 00:00:00.000,2022-05-10 19:58:03.000
54,53,3522,2021-06-11 00:00:00.000,2022-05-10 19:58:03.000
55,54,4944,2020-08-15 00:00:00.000,2022-05-10 19:58:03.000
56,55,4334,2022-02-03 00:00:00.000,2022-05-10 19:58:03.000
57,56,1715,2021-02-09 00:00:00.000,2022-05-10 19:58:03.000
58,57,1747,2022-02-03 00:00:00.000,2022-05-10 19:58:03.000
59,58,4347,2021-09-11 00:00:00.000,2022-05-10 19:58:03.000
60,59,521,2022-03-18 00:00:00.000,2022-05-10 19:58:03.000
61,60,8568,2020-06-29 00:00:00.000,2022-05-10 19:58:03.000
62,61,7060,2020-08-12 00:00:00.000,2022-05-10 19:58:03.000
63,62,3510,2021-03-02 00:00:00.000,2022-05-10 19:58:03.000
64,63,3955,2022-02-06 00:00:00.000,2022-05-10 19:58:03.000
65,64,4994,2021-01-09 00:00:00.000,2022-05-10 19:58:03.000
66,65,5436,2021-11-20 00:00:00.000,2022-05-10 19:58:03.000
67,66,2306,2021-04-25 00:00:00.000,2022-05-10 19:58:03.000
68,67,5537,2021-12-13 00:00:00.000,2022-05-10 19:58:03.000
69,68,154,2020-08-09 00:00:00.000,2022-05-10 19:58:03.000
70,69,358,2021-10-18 00:00:00.000,2022-05-10 19:58:03.000
71,70,4848,2020-06-09 00:00:00.000,2022-05-10 19:58:03.000
72,71,3843,2021-06-01 00:00:00.000,2022-05-10 19:58:03.000
73,72,1125,2020-11-23 00:00:00.000,2022-05-10 19:58:03.000
74,73,4456,2021-11-03 00:00:00.000,2022-05-10 19:58:03.000
75,74,5126,2021-07-03 00:00:00.000,2022-05-10 19:58:03.000
76,75,9427,2021-09-08 00:00:00.000,2022-05-10 19:58:03.000
77,76,1413,2021-06-22 00:00:00.000,2022-05-10 19:58:03.000
78,77,208,2020-09-03 00:00:00.000,2022-05-10 19:58:03.000
79,78,1876,2021-08-04 00:00:00.000,2022-05-10 19:58:03.000
80,79,7217,2022-01-12 00:00:00.000,2022-05-10 19:58:03.000
81,80,4449,2020-09-24 00:00:00.000,2022-05-10 19:58:03.000
82,81,6492,2021-09-01 00:00:00.000,2022-05-10 19:58:03.000
83,82,9996,2022-02-27 00:00:00.000,2022-05-10 19:58:03.000
84,83,5604,2020-11-10 00:00:00.000,2022-05-10 19:58:03.000
85,84,4249,2022-01-15 00:00:00.000,2022-05-10 19:58:03.000
86,85,2898,2021-05-11 00:00:00.000,2022-05-10 19:58:03.000
87,86,9294,2020-07-23 00:00:00.000,2022-05-10 19:58:03.000
88,87,6639,2022-01-15 00:00:00.000,2022-05-10 19:58:03.000
89,88,4221,2020-06-24 00:00:00.000,2022-05-10 19:58:03.000
90,89,2763,2021-12-08 00:00:00.000,2022-05-10 19:58:03.000
91,90,2607,2021-08-21 00:00:00.000,2022-05-10 19:58:03.000
92,91,1146,2020-10-05 00:00:00.000,2022-05-10 19:58:03.000
93,92,4707,2021-06-21 00:00:00.000,2022-05-10 19:58:03.000
94,93,3523,2021-02-06 00:00:00.000,2022-05-10 19:58:03.000
95,94,399,2022-04-01 00:00:00.000,2022-05-10 19:58:03.000
96,95,9249,2020-07-17 00:00:00.000,2022-05-10 19:58:03.000
97,96,6042,2020-08-27 00:00:00.000,2022-05-10 19:58:03.000
98,97,4981,2021-02-09 00:00:00.000,2022-05-10 19:58:03.000
99,98,4741,2020-10-01 00:00:00.000,2022-05-10 19:58:03.000
100,99,9429,2021-07-24 00:00:00.000,2022-05-10 19:58:03.000
101,100,3014,2022-04-09 00:00:00.000,2022-05-10 19:58:03.000
102,101,5492,2021-09-18 00:00:00.000,2022-05-10 19:58:03.000
103,102,3987,2021-08-04 00:00:00.000,2022-05-10 19:58:03.000
104,103,4925,2020-05-23 00:00:00.000,2022-05-10 19:58:03.000
105,104,6903,2020-11-01 00:00:00.000,2022-05-10 19:58:03.000
106,105,13,2021-07-06 00:00:00.000,2022-05-10 19:58:03.000
107,106,4841,2022-03-09 00:00:00.000,2022-05-10 19:58:03.000
108,107,3553,2020-08-17 00:00:00.000,2022-05-10 19:58:03.000
109,108,6663,2020-12-20 00:00:00.000,2022-05-10 19:58:03.000
110,109,8250,2021-10-01 00:00:00.000,2022-05-10 19:58:03.000
111,110,7683,2021-04-05 00:00:00.000,2022-05-10 19:58:03.000
112,111,4168,2020-07-05 00:00:00.000,2022-05-10 19:58:03.000
113,112,7985,2020-06-27 00:00:00.000,2022-05-10 19:58:03.000
114,113,751,2021-09-07 00:00:00.000,2022-05-10 19:58:03.000
115,114,382,2020-06-09 00:00:00.000,2022-05-10 19:58:03.000
116,115,6487,2021-10-29 00:00:00.000,2022-05-10 19:58:03.000
117,116,2010,2020-08-22 00:00:00.000,2022-05-10 19:58:03.000
118,117,9464,2021-09-01 00:00:00.000,2022-05-10 19:58:03.000
119,118,7105,2020-06-16 00:00:00.000,2022-05-10 19:58:03.000
120,119,5517,2020-05-22 00:00:00.000,2022-05-10 19:58:03.000
121,120,1647,2021-03-28 00:00:00.000,2022-05-10 19:58:03.000
122,121,3270,2021-10-22 00:00:00.000,2022-05-10 19:58:03.000
123,122,8952,2021-06-22 00:00:00.000,2022-05-10 19:58:03.000
124,123,422,2021-05-01 00:00:00.000,2022-05-10 19:58:03.000
125,124,4908,2021-04-01 00:00:00.000,2022-05-10 19:58:03.000
126,125,2259,2021-04-21 00:00:00.000,2022-05-10 19:58:03.000
127,126,1225,2021-03-16 00:00:00.000,2022-05-10 19:58:03.000
128,127,2479,2022-02-18 00:00:00.000,2022-05-10 19:58:03.000
129,128,9862,2020-09-12 00:00:00.000,2022-05-10 19:58:03.000
130,129,1280,2021-10-27 00:00:00.000,2022-05-10 19:58:03.000
131,130,5157,2022-04-08 00:00:00.000,2022-05-10 19:58:03.000
132,131,756,2022-02-19 00:00:00.000,2022-05-10 19:58:03.000
133,132,4714,2021-06-24 00:00:00.000,2022-05-10 19:58:03.000
134,133,570,2020-12-21 00:00:00.000,2022-05-10 19:58:03.000
135,134,347,2020-08-11 00:00:00.000,2022-05-10 19:58:03.000
136,135,7566,2020-12-10 00:00:00.000,2022-05-10 19:58:03.000
137,136,9692,2022-04-07 00:00:00.000,2022-05-10 19:58:03.000
138,137,6010,2022-01-03 00:00:00.000,2022-05-10 19:58:03.000
139,138,1774,2021-08-21 00:00:00.000,2022-05-10 19:58:03.000
140,139,6078,2022-04-23 00:00:00.000,2022-05-10 19:58:03.000
141,140,5000,2021-11-13 00:00:00.000,2022-05-10 19:58:03.000
142,141,9969,2022-03-02 00:00:00.000,2022-05-10 19:58:03.000
143,142,6774,2020-11-13 00:00:00.000,2022-05-10 19:58:03.000
144,143,9654,2020-11-19 00:00:00.000,2022-05-10 19:58:03.000
145,144,5550,2021-02-02 00:00:00.000,2022-05-10 19:58:03.000
146,145,3948,2020-05-20 00:00:00.000,2022-05-10 19:58:03.000
147,146,291,2020-07-19 00:00:00.000,2022-05-10 19:58:03.000
148,147,9394,2021-03-10 00:00:00.000,2022-05-10 19:58:03.000
149,148,5469,2021-05-23 00:00:00.000,2022-05-10 19:58:03.000
150,149,4702,2020-08-25 00:00:00.000,2022-05-10 19:58:03.000
151,150,7937,2020-10-13 00:00:00.000,2022-05-10 19:58:03.000
152,151,239,2022-01-24 00:00:00.000,2022-05-10 19:58:03.000
153,152,3958,2020-05-12 00:00:00.000,2022-05-10 19:58:03.000
154,153,9776,2022-01-12 00:00:00.000,2022-05-10 19:58:03.000
155,154,7262,2021-02-25 00:00:00.000,2022-05-10 19:58:03.000
156,155,9399,2022-01-13 00:00:00.000,2022-05-10 19:58:03.000
157,156,9256,2020-06-26 00:00:00.000,2022-05-10 19:58:03.000
158,157,3373,2020-09-05 00:00:00.000,2022-05-10 19:58:03.000
159,158,7835,2021-09-03 00:00:00.000,2022-05-10 19:58:03.000
160,159,5561,2021-05-02 00:00:00.000,2022-05-10 19:58:03.000
161,160,2425,2020-11-27 00:00:00.000,2022-05-10 19:58:03.000
162,161,8931,2021-01-25 00:00:00.000,2022-05-10 19:58:03.000
163,162,1910,2020-07-21 00:00:00.000,2022-05-10 19:58:03.000
164,163,568,2021-03-12 00:00:00.000,2022-05-10 19:58:03.000
165,164,4295,2021-03-11 00:00:00.000,2022-05-10 19:58:03.000
166,165,2030,2022-02-28 00:00:00.000,2022-05-10 19:58:03.000
167,166,6171,2022-03-12 00:00:00.000,2022-05-10 19:58:03.000
168,167,4790,2021-05-15 00:00:00.000,2022-05-10 19:58:03.000
169,168,8653,2022-05-06 00:00:00.000,2022-05-10 19:58:03.000
170,169,4530,2021-02-16 00:00:00.000,2022-05-10 19:58:03.000
171,170,7203,2022-02-12 00:00:00.000,2022-05-10 19:58:03.000
172,171,8414,2021-03-13 00:00:00.000,2022-05-10 19:58:03.000
173,172,1166,2020-12-26 00:00:00.000,2022-05-10 19:58:03.000
174,173,3095,2021-11-30 00:00:00.000,2022-05-10 19:58:03.000
175,174,8428,2022-01-19 00:00:00.000,2022-05-10 19:58:03.000
176,175,5573,2022-01-03 00:00:00.000,2022-05-10 19:58:03.000
177,176,5184,2021-09-24 00:00:00.000,2022-05-10 19:58:03.000
178,177,6920,2021-12-25 00:00:00.000,2022-05-10 19:58:03.000
179,178,2514,2022-01-28 00:00:00.000,2022-05-10 19:58:03.000
180,179,7601,2021-01-02 00:00:00.000,2022-05-10 19:58:03.000
181,180,6823,2020-08-07 00:00:00.000,2022-05-10 19:58:03.000
182,181,4902,2022-04-25 00:00:00.000,2022-05-10 19:58:03.000
183,182,2377,2020-11-09 00:00:00.000,2022-05-10 19:58:03.000
184,183,965,2020-08-22 00:00:00.000,2022-05-10 19:58:03.000
185,184,9550,2020-08-11 00:00:00.000,2022-05-10 19:58:03.000
186,185,149,2020-12-11 00:00:00.000,2022-05-10 19:58:03.000
187,186,7304,2020-07-04 00:00:00.000,2022-05-10 19:58:03.000
188,187,9650,2022-04-11 00:00:00.000,2022-05-10 19:58:03.000
189,188,9280,2020-06-26 00:00:00.000,2022-05-10 19:58:03.000
190,189,297,2021-06-01 00:00:00.000,2022-05-10 19:58:03.000
191,190,9212,2022-02-09 00:00:00.000,2022-05-10 19:58:03.000
192,191,2520,2020-10-09 00:00:00.000,2022-05-10 19:58:03.000
193,192,334,2020-11-30 00:00:00.000,2022-05-10 19:58:03.000
194,193,8246,2020-12-23 00:00:00.000,2022-05-10 19:58:03.000
195,194,372,2021-04-24 00:00:00.000,2022-05-10 19:58:03.000
196,195,5360,2021-01-08 00:00:00.000,2022-05-10 19:58:03.000
197,196,2691,2022-05-09 00:00:00.000,2022-05-10 19:58:03.000
198,197,1857,2021-10-31 00:00:00.000,2022-05-10 19:58:03.000
199,198,7847,2020-11-17 00:00:00.000,2022-05-10 19:58:03.000
200,199,9454,2022-04-25 00:00:00.000,2022-05-10 19:58:03.000
201,200,228,2021-07-15 00:00:00.000,2022-05-10 19:58:03.000
202,201,2526,2022-03-22 00:00:00.000,2022-05-10 19:58:03.000
203,202,5395,2022-01-07 00:00:00.000,2022-05-10 19:58:03.000
204,203,4481,2022-04-09 00:00:00.000,2022-05-10 19:58:03.000
205,204,5478,2020-12-13 00:00:00.000,2022-05-10 19:58:03.000
206,205,6385,2021-10-10 00:00:00.000,2022-05-10 19:58:03.000
207,206,6429,2020-08-10 00:00:00.000,2022-05-10 19:58:03.000
208,207,7850,2021-03-15 00:00:00.000,2022-05-10 19:58:03.000
209,208,6810,2021-04-03 00:00:00.000,2022-05-10 19:58:03.000
210,209,2532,2021-07-22 00:00:00.000,2022-05-10 19:58:03.000
211,210,3618,2020-07-22 00:00:00.000,2022-05-10 19:58:03.000
212,211,6376,2022-05-02 00:00:00.000,2022-05-10 19:58:03.000
213,212,7359,2021-05-30 00:00:00.000,2022-05-10 19:58:03.000
214,213,9851,2022-04-08 00:00:00.000,2022-05-10 19:58:03.000
215,214,7270,2021-12-25 00:00:00.000,2022-05-10 19:58:03.000
216,215,9323,2021-01-27 00:00:00.000,2022-05-10 19:58:03.000
217,216,2934,2022-01-19 00:00:00.000,2022-05-10 19:58:03.000
218,217,3986,2020-10-14 00:00:00.000,2022-05-10 19:58:03.000
219,218,6907,2021-04-27 00:00:00.000,2022-05-10 19:58:03.000
220,219,3278,2021-09-15 00:00:00.000,2022-05-10 19:58:03.000
221,220,8168,2021-06-27 00:00:00.000,2022-05-10 19:58:03.000
222,221,6833,2022-03-30 00:00:00.000,2022-05-10 19:58:03.000
223,222,9268,2020-12-10 00:00:00.000,2022-05-10 19:58:03.000
224,223,7593,2020-10-12 00:00:00.000,2022-05-10 19:58:03.000
225,224,1398,2022-04-26 00:00:00.000,2022-05-10 19:58:03.000
226,225,2454,2021-06-21 00:00:00.000,2022-05-10 19:58:03.000
227,226,9077,2020-10-04 00:00:00.000,2022-05-10 19:58:03.000
228,227,8294,2020-09-02 00:00:00.000,2022-05-10 19:58:03.000
229,228,8356,2021-12-27 00:00:00.000,2022-05-10 19:58:03.000
230,229,9818,2022-04-08 00:00:00.000,2022-05-10 19:58:03.000
231,230,2973,2021-02-15 00:00:00.000,2022-05-10 19:58:03.000
232,231,8487,2020-10-08 00:00:00.000,2022-05-10 19:58:03.000
233,232,6718,2022-03-26 00:00:00.000,2022-05-10 19:58:03.000
234,233,9504,2021-08-22 00:00:00.000,2022-05-10 19:58:03.000
235,234,5869,2021-05-27 00:00:00.000,2022-05-10 19:58:03.000
236,235,6035,2020-05-22 00:00:00.000,2022-05-10 19:58:03.000
237,236,8923,2020-11-19 00:00:00.000,2022-05-10 19:58:03.000
238,237,5420,2022-04-26 00:00:00.000,2022-05-10 19:58:03.000
239,238,1391,2021-09-22 00:00:00.000,2022-05-10 19:58:03.000
240,239,8661,2021-12-09 00:00:00.000,2022-05-10 19:58:03.000
241,240,7570,2020-09-04 00:00:00.000,2022-05-10 19:58:03.000
242,241,1514,2021-12-22 00:00:00.000,2022-05-10 19:58:03.000
243,242,3345,2020-07-09 00:00:00.000,2022-05-10 19:58:03.000
244,243,7504,2020-09-11 00:00:00.000,2022-05-10 19:58:03.000
245,244,9472,2022-04-17 00:00:00.000,2022-05-10 19:58:03.000
246,245,9651,2022-04-20 00:00:00.000,2022-05-10 19:58:03.000
247,246,1487,2021-05-22 00:00:00.000,2022-05-10 19:58:03.000
248,247,7077,2020-06-26 00:00:00.000,2022-05-10 19:58:03.000
249,248,9340,2021-09-11 00:00:00.000,2022-05-10 19:58:03.000
250,249,7708,2022-04-07 00:00:00.000,2022-05-10 19:58:03.000
251,250,250,2021-02-10 00:00:00.000,2022-05-10 19:58:03.000
252,251,8708,2022-01-08 00:00:00.000,2022-05-10 19:58:03.000
253,252,4396,2021-11-19 00:00:00.000,2022-05-10 19:58:03.000
254,253,4593,2020-05-10 00:00:00.000,2022-05-10 19:58:03.000
255,254,3903,2021-11-22 00:00:00.000,2022-05-10 19:58:03.000
256,255,7814,2020-08-04 00:00:00.000,2022-05-10 19:58:03.000
257,256,4583,2021-05-03 00:00:00.000,2022-05-10 19:58:03.000
258,257,2668,2022-02-05 00:00:00.000,2022-05-10 19:58:03.000
259,258,438,2021-07-07 00:00:00.000,2022-05-10 19:58:03.000
260,259,145,2021-09-11 00:00:00.000,2022-05-10 19:58:03.000
261,260,7871,2022-02-15 00:00:00.000,2022-05-10 19:58:03.000
262,261,4468,2020-10-15 00:00:00.000,2022-05-10 19:58:03.000
263,262,7751,2021-11-19 00:00:00.000,2022-05-10 19:58:03.000
264,263,9443,2021-10-31 00:00:00.000,2022-05-10 19:58:03.000
265,264,5836,2022-03-01 00:00:00.000,2022-05-10 19:58:03.000
266,265,7133,2021-11-10 00:00:00.000,2022-05-10 19:58:03.000
267,266,7429,2021-08-18 00:00:00.000,2022-05-10 19:58:03.000
268,267,7216,2020-12-05 00:00:00.000,2022-05-10 19:58:03.000
269,268,4448,2020-06-04 00:00:00.000,2022-05-10 19:58:03.000
270,269,1978,2020-11-30 00:00:00.000,2022-05-10 19:58:03.000
271,270,7519,2020-08-19 00:00:00.000,2022-05-10 19:58:03.000
272,271,2158,2020-12-23 00:00:00.000,2022-05-10 19:58:03.000
273,272,2487,2022-02-18 00:00:00.000,2022-05-10 19:58:03.000
274,273,1431,2021-09-09 00:00:00.000,2022-05-10 19:58:03.000
275,274,527,2022-03-10 00:00:00.000,2022-05-10 19:58:03.000
276,275,9343,2021-12-10 00:00:00.000,2022-05-10 19:58:03.000
277,276,1313,2020-11-25 00:00:00.000,2022-05-10 19:58:03.000
278,277,2471,2020-06-29 00:00:00.000,2022-05-10 19:58:03.000
279,278,8828,2022-02-24 00:00:00.000,2022-05-10 19:58:03.000
280,279,3307,2022-01-12 00:00:00.000,2022-05-10 19:58:03.000
281,280,3591,2020-12-15 00:00:00.000,2022-05-10 19:58:03.000
282,281,8565,2020-10-15 00:00:00.000,2022-05-10 19:58:03.000
283,282,5298,2021-04-24 00:00:00.000,2022-05-10 19:58:03.000
284,283,2806,2020-09-23 00:00:00.000,2022-05-10 19:58:03.000
285,284,163,2021-10-23 00:00:00.000,2022-05-10 19:58:03.000
286,285,3449,2022-03-27 00:00:00.000,2022-05-10 19:58:03.000
287,286,6343,2021-04-24 00:00:00.000,2022-05-10 19:58:03.000
288,287,8865,2021-03-27 00:00:00.000,2022-05-10 19:58:03.000
289,288,5963,2020-08-11 00:00:00.000,2022-05-10 19:58:03.000
290,289,7908,2020-11-19 00:00:00.000,2022-05-10 19:58:03.000
291,290,9120,2022-04-04 00:00:00.000,2022-05-10 19:58:03.000
292,291,5161,2020-07-14 00:00:00.000,2022-05-10 19:58:03.000
293,292,9599,2021-09-15 00:00:00.000,2022-05-10 19:58:03.000
294,293,2392,2020-08-08 00:00:00.000,2022-05-10 19:58:03.000
295,294,6989,2021-06-18 00:00:00.000,2022-05-10 19:58:03.000
296,295,7769,2020-12-28 00:00:00.000,2022-05-10 19:58:03.000
297,296,6809,2020-05-28 00:00:00.000,2022-05-10 19:58:03.000
298,297,8815,2022-05-03 00:00:00.000,2022-05-10 19:58:03.000
299,298,9679,2020-09-26 00:00:00.000,2022-05-10 19:58:03.000
300,299,3833,2021-02-10 00:00:00.000,2022-05-10 19:58:03.000
301,300,8661,2021-11-28 00:00:00.000,2022-05-10 19:58:03.000
302,301,4840,2021-10-01 00:00:00.000,2022-05-10 19:58:03.000
303,302,3897,2021-04-09 00:00:00.000,2022-05-10 19:58:03.000
304,303,9558,2021-02-16 00:00:00.000,2022-05-10 19:58:03.000
305,304,7652,2020-09-16 00:00:00.000,2022-05-10 19:58:03.000
306,305,5990,2020-08-31 00:00:00.000,2022-05-10 19:58:03.000
307,306,8962,2021-01-29 00:00:00.000,2022-05-10 19:58:03.000
308,307,6698,2021-02-12 00:00:00.000,2022-05-10 19:58:03.000
309,308,2874,2021-09-29 00:00:00.000,2022-05-10 19:58:03.000
310,309,6229,2020-08-24 00:00:00.000,2022-05-10 19:58:03.000
311,310,8599,2021-04-10 00:00:00.000,2022-05-10 19:58:03.000
312,311,5585,2020-08-04 00:00:00.000,2022-05-10 19:58:03.000
313,312,5368,2021-07-29 00:00:00.000,2022-05-10 19:58:03.000
314,313,4123,2021-08-31 00:00:00.000,2022-05-10 19:58:03.000
315,314,3406,2021-04-02 00:00:00.000,2022-05-10 19:58:03.000
316,315,1711,2020-07-24 00:00:00.000,2022-05-10 19:58:03.000
317,316,4259,2021-10-01 00:00:00.000,2022-05-10 19:58:03.000
318,317,9921,2020-07-15 00:00:00.000,2022-05-10 19:58:03.000
319,318,8073,2021-12-12 00:00:00.000,2022-05-10 19:58:03.000
320,319,1545,2020-10-02 00:00:00.000,2022-05-10 19:58:03.000
321,320,5063,2021-02-18 00:00:00.000,2022-05-10 19:58:03.000
322,321,3607,2021-09-26 00:00:00.000,2022-05-10 19:58:03.000
323,322,7484,2021-10-26 00:00:00.000,2022-05-10 19:58:03.000
324,323,6997,2020-11-17 00:00:00.000,2022-05-10 19:58:03.000
325,324,9365,2020-08-22 00:00:00.000,2022-05-10 19:58:03.000
326,325,3142,2020-08-02 00:00:00.000,2022-05-10 19:58:03.000
327,326,3130,2021-03-15 00:00:00.000,2022-05-10 19:58:03.000
328,327,2644,2022-04-11 00:00:00.000,2022-05-10 19:58:03.000
329,328,6550,2021-03-19 00:00:00.000,2022-05-10 19:58:03.000
330,329,1950,2021-08-25 00:00:00.000,2022-05-10 19:58:03.000
331,330,7573,2021-09-03 00:00:00.000,2022-05-10 19:58:03.000
332,331,9590,2021-03-29 00:00:00.000,2022-05-10 19:58:03.000
333,332,5207,2020-08-20 00:00:00.000,2022-05-10 19:58:03.000
334,333,4249,2022-03-16 00:00:00.000,2022-05-10 19:58:03.000
335,334,4796,2021-06-24 00:00:00.000,2022-05-10 19:58:03.000
336,335,6712,2021-01-27 00:00:00.000,2022-05-10 19:58:03.000
337,336,4291,2021-05-18 00:00:00.000,2022-05-10 19:58:03.000
338,337,7831,2022-03-04 00:00:00.000,2022-05-10 19:58:03.000
339,338,5457,2021-08-04 00:00:00.000,2022-05-10 19:58:03.000
340,339,5803,2020-07-14 00:00:00.000,2022-05-10 19:58:03.000
341,340,6457,2021-04-16 00:00:00.000,2022-05-10 19:58:03.000
342,341,9589,2021-11-13 00:00:00.000,2022-05-10 19:58:03.000
343,342,1000,2021-10-06 00:00:00.000,2022-05-10 19:58:03.000
344,343,1365,2020-07-02 00:00:00.000,2022-05-10 19:58:03.000
345,344,8371,2021-11-17 00:00:00.000,2022-05-10 19:58:03.000
346,345,9670,2020-09-11 00:00:00.000,2022-05-10 19:58:03.000
347,346,8825,2021-08-10 00:00:00.000,2022-05-10 19:58:03.000
348,347,4456,2021-04-01 00:00:00.000,2022-05-10 19:58:03.000
349,348,977,2021-02-02 00:00:00.000,2022-05-10 19:58:03.000
350,349,7778,2020-07-19 00:00:00.000,2022-05-10 19:58:03.000
351,350,6120,2021-08-31 00:00:00.000,2022-05-10 19:58:03.000
352,351,959,2021-05-28 00:00:00.000,2022-05-10 19:58:03.000
353,352,3760,2020-11-08 00:00:00.000,2022-05-10 19:58:03.000
354,353,2897,2020-12-18 00:00:00.000,2022-05-10 19:58:03.000
355,354,8542,2021-06-12 00:00:00.000,2022-05-10 19:58:03.000
356,355,1067,2020-08-29 00:00:00.000,2022-05-10 19:58:03.000
357,356,3317,2021-06-15 00:00:00.000,2022-05-10 19:58:03.000
358,357,3332,2022-02-04 00:00:00.000,2022-05-10 19:58:03.000
359,358,6279,2020-07-21 00:00:00.000,2022-05-10 19:58:03.000
360,359,9956,2022-04-07 00:00:00.000,2022-05-10 19:58:03.000
361,360,6599,2022-03-10 00:00:00.000,2022-05-10 19:58:03.000
362,361,4712,2021-05-28 00:00:00.000,2022-05-10 19:58:03.000
363,362,5546,2021-01-18 00:00:00.000,2022-05-10 19:58:03.000
364,363,5005,2020-08-26 00:00:00.000,2022-05-10 19:58:03.000
365,364,1542,2021-05-27 00:00:00.000,2022-05-10 19:58:03.000
366,365,851,2022-03-06 00:00:00.000,2022-05-10 19:58:03.000
367,366,6894,2021-09-02 00:00:00.000,2022-05-10 19:58:03.000
368,367,523,2021-10-25 00:00:00.000,2022-05-10 19:58:03.000
369,368,647,2020-09-04 00:00:00.000,2022-05-10 19:58:03.000
370,369,6873,2021-01-24 00:00:00.000,2022-05-10 19:58:03.000
371,370,8081,2020-08-09 00:00:00.000,2022-05-10 19:58:03.000
372,371,7441,2021-06-09 00:00:00.000,2022-05-10 19:58:03.000
373,372,1394,2022-01-14 00:00:00.000,2022-05-10 19:58:03.000
374,373,5977,2022-04-19 00:00:00.000,2022-05-10 19:58:03.000
375,374,5312,2020-07-15 00:00:00.000,2022-05-10 19:58:03.000
376,375,3445,2020-08-18 00:00:00.000,2022-05-10 19:58:03.000
377,376,3450,2020-05-12 00:00:00.000,2022-05-10 19:58:03.000
378,377,6984,2021-12-30 00:00:00.000,2022-05-10 19:58:03.000
379,378,7596,2021-10-06 00:00:00.000,2022-05-10 19:58:03.000
380,379,9838,2020-10-07 00:00:00.000,2022-05-10 19:58:03.000
381,380,2435,2021-02-26 00:00:00.000,2022-05-10 19:58:03.000
382,381,6460,2021-12-16 00:00:00.000,2022-05-10 19:58:03.000
383,382,9834,2021-09-24 00:00:00.000,2022-05-10 19:58:03.000
384,383,5687,2021-10-04 00:00:00.000,2022-05-10 19:58:03.000
385,384,9211,2021-11-13 00:00:00.000,2022-05-10 19:58:03.000
386,385,191,2020-10-14 00:00:00.000,2022-05-10 19:58:03.000
387,386,7690,2021-09-29 00:00:00.000,2022-05-10 19:58:03.000
388,387,4993,2021-03-12 00:00:00.000,2022-05-10 19:58:03.000
389,388,7031,2020-06-11 00:00:00.000,2022-05-10 19:58:03.000
390,389,2641,2021-11-20 00:00:00.000,2022-05-10 19:58:03.000
391,390,35,2021-05-29 00:00:00.000,2022-05-10 19:58:03.000
392,391,1437,2021-11-19 00:00:00.000,2022-05-10 19:58:03.000
393,392,4563,2021-02-25 00:00:00.000,2022-05-10 19:58:03.000
394,393,9694,2022-03-26 00:00:00.000,2022-05-10 19:58:03.000
395,394,9869,2021-09-23 00:00:00.000,2022-05-10 19:58:03.000
396,395,7202,2021-05-29 00:00:00.000,2022-05-10 19:58:03.000
397,396,6510,2020-06-13 00:00:00.000,2022-05-10 19:58:03.000
398,397,2485,2020-11-03 00:00:00.000,2022-05-10 19:58:03.000
399,398,5555,2021-10-19 00:00:00.000,2022-05-10 19:58:03.000
400,399,1612,2021-06-22 00:00:00.000,2022-05-10 19:58:03.000
401,400,9301,2022-02-19 00:00:00.000,2022-05-10 19:58:03.000
402,401,7923,2022-03-14 00:00:00.000,2022-05-10 19:58:03.000
403,402,9895,2022-04-10 00:00:00.000,2022-05-10 19:58:03.000
404,403,8688,2021-05-28 00:00:00.000,2022-05-10 19:58:03.000
405,404,2180,2021-05-17 00:00:00.000,2022-05-10 19:58:03.000
406,405,2484,2021-12-08 00:00:00.000,2022-05-10 19:58:03.000
407,406,2495,2021-02-06 00:00:00.000,2022-05-10 19:58:03.000
408,407,2690,2021-05-01 00:00:00.000,2022-05-10 19:58:03.000
409,408,8788,2022-02-18 00:00:00.000,2022-05-10 19:58:03.000
410,409,7465,2020-10-31 00:00:00.000,2022-05-10 19:58:03.000
411,410,5289,2021-03-05 00:00:00.000,2022-05-10 19:58:03.000
412,411,9294,2020-11-04 00:00:00.000,2022-05-10 19:58:03.000
413,412,1771,2021-09-14 00:00:00.000,2022-05-10 19:58:03.000
414,413,4180,2021-11-16 00:00:00.000,2022-05-10 19:58:03.000
415,414,2719,2020-11-12 00:00:00.000,2022-05-10 19:58:03.000
416,415,2758,2022-04-19 00:00:00.000,2022-05-10 19:58:03.000
417,416,6628,2020-08-06 00:00:00.000,2022-05-10 19:58:03.000
418,417,1126,2021-02-10 00:00:00.000,2022-05-10 19:58:03.000
419,418,2523,2022-01-07 00:00:00.000,2022-05-10 19:58:03.000
420,419,5130,2021-01-21 00:00:00.000,2022-05-10 19:58:03.000
421,420,7748,2020-05-24 00:00:00.000,2022-05-10 19:58:03.000
422,421,1317,2021-10-31 00:00:00.000,2022-05-10 19:58:03.000
423,422,2998,2020-09-06 00:00:00.000,2022-05-10 19:58:03.000
424,423,6391,2022-05-07 00:00:00.000,2022-05-10 19:58:03.000
425,424,2372,2022-01-08 00:00:00.000,2022-05-10 19:58:03.000
426,425,4382,2021-05-13 00:00:00.000,2022-05-10 19:58:03.000
427,426,2209,2022-03-21 00:00:00.000,2022-05-10 19:58:03.000
428,427,1365,2020-12-05 00:00:00.000,2022-05-10 19:58:03.000
429,428,1542,2022-04-22 00:00:00.000,2022-05-10 19:58:03.000
430,429,5237,2021-05-22 00:00:00.000,2022-05-10 19:58:03.000
431,430,3191,2022-03-26 00:00:00.000,2022-05-10 19:58:03.000
432,431,5328,2021-06-20 00:00:00.000,2022-05-10 19:58:03.000
433,432,4625,2021-02-07 00:00:00.000,2022-05-10 19:58:03.000
434,433,4869,2020-05-18 00:00:00.000,2022-05-10 19:58:03.000
435,434,9956,2021-02-15 00:00:00.000,2022-05-10 19:58:03.000
436,435,4350,2020-12-13 00:00:00.000,2022-05-10 19:58:03.000
437,436,4653,2021-02-07 00:00:00.000,2022-05-10 19:58:03.000
438,437,2727,2020-12-02 00:00:00.000,2022-05-10 19:58:03.000
439,438,8998,2021-12-06 00:00:00.000,2022-05-10 19:58:03.000
440,439,4015,2021-09-21 00:00:00.000,2022-05-10 19:58:03.000
441,440,6199,2021-09-04 00:00:00.000,2022-05-10 19:58:03.000
442,441,2870,2021-03-19 00:00:00.000,2022-05-10 19:58:03.000
443,442,9280,2021-06-10 00:00:00.000,2022-05-10 19:58:03.000
444,443,6364,2021-07-11 00:00:00.000,2022-05-10 19:58:03.000
445,444,9653,2020-07-05 00:00:00.000,2022-05-10 19:58:03.000
446,445,3809,2021-10-25 00:00:00.000,2022-05-10 19:58:03.000
447,446,8896,2021-12-14 00:00:00.000,2022-05-10 19:58:03.000
448,447,3804,2020-10-11 00:00:00.000,2022-05-10 19:58:03.000
449,448,5245,2021-07-14 00:00:00.000,2022-05-10 19:58:03.000
450,449,6248,2020-05-18 00:00:00.000,2022-05-10 19:58:03.000
451,450,5618,2020-06-08 00:00:00.000,2022-05-10 19:58:03.000
452,451,7504,2022-04-11 00:00:00.000,2022-05-10 19:58:03.000
453,452,5643,2021-03-11 00:00:00.000,2022-05-10 19:58:03.000
454,453,9123,2020-12-16 00:00:00.000,2022-05-10 19:58:03.000
455,454,4034,2020-08-06 00:00:00.000,2022-05-10 19:58:03.000
456,455,4787,2021-12-06 00:00:00.000,2022-05-10 19:58:03.000
457,456,6590,2021-04-04 00:00:00.000,2022-05-10 19:58:03.000
458,457,3199,2021-07-09 00:00:00.000,2022-05-10 19:58:03.000
459,458,2814,2020-12-16 00:00:00.000,2022-05-10 19:58:03.000
460,459,1236,2021-11-15 00:00:00.000,2022-05-10 19:58:03.000
461,460,1438,2020-09-17 00:00:00.000,2022-05-10 19:58:03.000
462,461,5938,2020-08-21 00:00:00.000,2022-05-10 19:58:03.000
463,462,4204,2022-02-01 00:00:00.000,2022-05-10 19:58:03.000
464,463,3853,2021-03-15 00:00:00.000,2022-05-10 19:58:03.000
465,464,7951,2020-09-27 00:00:00.000,2022-05-10 19:58:03.000
466,465,6254,2021-09-25 00:00:00.000,2022-05-10 19:58:03.000
467,466,8020,2020-07-01 00:00:00.000,2022-05-10 19:58:03.000
468,467,9666,2021-11-20 00:00:00.000,2022-05-10 19:58:03.000
469,468,3955,2022-01-15 00:00:00.000,2022-05-10 19:58:03.000
470,469,9244,2020-08-25 00:00:00.000,2022-05-10 19:58:03.000
471,470,8559,2021-08-19 00:00:00.000,2022-05-10 19:58:03.000
472,471,3491,2020-10-20 00:00:00.000,2022-05-10 19:58:03.000
473,472,103,2022-03-08 00:00:00.000,2022-05-10 19:58:03.000
474,473,7783,2022-02-20 00:00:00.000,2022-05-10 19:58:03.000
475,474,4677,2020-11-26 00:00:00.000,2022-05-10 19:58:03.000
476,475,1472,2021-10-23 00:00:00.000,2022-05-10 19:58:03.000
477,476,9755,2020-12-29 00:00:00.000,2022-05-10 19:58:03.000
478,477,4933,2020-10-15 00:00:00.000,2022-05-10 19:58:03.000
479,478,8937,2021-02-23 00:00:00.000,2022-05-10 19:58:03.000
480,479,3256,2021-09-28 00:00:00.000,2022-05-10 19:58:03.000
481,480,2389,2021-10-28 00:00:00.000,2022-05-10 19:58:03.000
482,481,2533,2021-07-17 00:00:00.000,2022-05-10 19:58:03.000
483,482,6687,2022-04-08 00:00:00.000,2022-05-10 19:58:03.000
484,483,6745,2021-10-24 00:00:00.000,2022-05-10 19:58:03.000
485,484,9181,2020-08-25 00:00:00.000,2022-05-10 19:58:03.000
486,485,7013,2021-10-19 00:00:00.000,2022-05-10 19:58:03.000
487,486,6580,2022-04-06 00:00:00.000,2022-05-10 19:58:03.000
488,487,403,2021-02-13 00:00:00.000,2022-05-10 19:58:03.000
489,488,4411,2021-09-26 00:00:00.000,2022-05-10 19:58:03.000
490,489,6978,2020-09-01 00:00:00.000,2022-05-10 19:58:03.000
491,490,4527,2022-02-21 00:00:00.000,2022-05-10 19:58:03.000
492,491,8299,2020-10-15 00:00:00.000,2022-05-10 19:58:03.000
493,492,8223,2020-05-22 00:00:00.000,2022-05-10 19:58:03.000
494,493,5841,2021-08-19 00:00:00.000,2022-05-10 19:58:03.000
495,494,1889,2021-09-16 00:00:00.000,2022-05-10 19:58:03.000
496,495,9898,2020-11-03 00:00:00.000,2022-05-10 19:58:03.000
497,496,5945,2022-04-06 00:00:00.000,2022-05-10 19:58:03.000
498,497,9663,2020-08-19 00:00:00.000,2022-05-10 19:58:03.000
499,498,7750,2021-02-28 00:00:00.000,2022-05-10 19:58:03.000
500,499,5474,2021-10-03 00:00:00.000,2022-05-10 19:58:03.000
501,500,1237,2021-10-24 00:00:00.000,2022-05-10 19:58:03.000
502,501,7602,2022-04-22 00:00:00.000,2022-05-10 19:58:03.000
503,502,8665,2021-06-07 00:00:00.000,2022-05-10 19:58:03.000
504,503,3011,2021-08-30 00:00:00.000,2022-05-10 19:58:03.000
505,504,5435,2022-04-25 00:00:00.000,2022-05-10 19:58:03.000
506,505,9368,2021-03-15 00:00:00.000,2022-05-10 19:58:03.000
507,506,4052,2021-02-12 00:00:00.000,2022-05-10 19:58:03.000
508,507,1606,2020-06-29 00:00:00.000,2022-05-10 19:58:03.000
509,508,4865,2020-06-08 00:00:00.000,2022-05-10 19:58:03.000
510,509,5866,2020-10-26 00:00:00.000,2022-05-10 19:58:03.000
511,510,7910,2021-10-17 00:00:00.000,2022-05-10 19:58:03.000
512,511,853,2022-05-10 00:00:00.000,2022-05-10 19:58:03.000
513,512,8389,2021-09-25 00:00:00.000,2022-05-10 19:58:03.000
514,513,217,2020-07-21 00:00:00.000,2022-05-10 19:58:03.000
515,514,2670,2021-04-27 00:00:00.000,2022-05-10 19:58:03.000
516,515,3779,2020-08-12 00:00:00.000,2022-05-10 19:58:03.000
517,516,4046,2020-11-14 00:00:00.000,2022-05-10 19:58:03.000
518,517,8102,2020-09-14 00:00:00.000,2022-05-10 19:58:03.000
519,518,8874,2021-04-06 00:00:00.000,2022-05-10 19:58:03.000
520,519,3464,2022-01-23 00:00:00.000,2022-05-10 19:58:03.000
521,520,3820,2021-08-30 00:00:00.000,2022-05-10 19:58:03.000
522,521,8036,2021-05-17 00:00:00.000,2022-05-10 19:58:03.000
523,522,9115,2021-10-24 00:00:00.000,2022-05-10 19:58:03.000
524,523,6371,2020-12-29 00:00:00.000,2022-05-10 19:58:03.000
525,524,1003,2021-11-25 00:00:00.000,2022-05-10 19:58:03.000
526,525,6652,2021-11-26 00:00:00.000,2022-05-10 19:58:03.000
527,526,2017,2020-09-11 00:00:00.000,2022-05-10 19:58:03.000
528,527,5327,2020-05-15 00:00:00.000,2022-05-10 19:58:03.000
529,528,7319,2021-09-13 00:00:00.000,2022-05-10 19:58:03.000
530,529,380,2021-01-28 00:00:00.000,2022-05-10 19:58:03.000
531,530,389,2022-01-16 00:00:00.000,2022-05-10 19:58:03.000
532,531,7132,2020-05-29 00:00:00.000,2022-05-10 19:58:03.000
533,532,9007,2020-09-23 00:00:00.000,2022-05-10 19:58:03.000
534,533,7599,2021-04-26 00:00:00.000,2022-05-10 19:58:03.000
535,534,441,2020-10-29 00:00:00.000,2022-05-10 19:58:03.000
536,535,5609,2021-07-27 00:00:00.000,2022-05-10 19:58:03.000
537,536,2957,2020-07-24 00:00:00.000,2022-05-10 19:58:03.000
538,537,2686,2022-03-26 00:00:00.000,2022-05-10 19:58:03.000
539,538,719,2021-03-18 00:00:00.000,2022-05-10 19:58:03.000
540,539,5514,2021-07-11 00:00:00.000,2022-05-10 19:58:03.000
541,540,563,2021-10-16 00:00:00.000,2022-05-10 19:58:03.000
542,541,6693,2020-11-13 00:00:00.000,2022-05-10 19:58:03.000
543,542,783,2020-06-13 00:00:00.000,2022-05-10 19:58:03.000
544,543,8195,2020-08-01 00:00:00.000,2022-05-10 19:58:03.000
545,544,7593,2020-11-25 00:00:00.000,2022-05-10 19:58:03.000
546,545,9763,2022-04-01 00:00:00.000,2022-05-10 19:58:03.000
547,546,486,2021-04-08 00:00:00.000,2022-05-10 19:58:03.000
548,547,4831,2021-01-23 00:00:00.000,2022-05-10 19:58:03.000
549,548,2539,2021-03-15 00:00:00.000,2022-05-10 19:58:03.000
550,549,5330,2021-06-25 00:00:00.000,2022-05-10 19:58:03.000
551,550,3916,2022-04-24 00:00:00.000,2022-05-10 19:58:03.000
552,551,5177,2021-08-25 00:00:00.000,2022-05-10 19:58:03.000
553,552,5407,2021-01-13 00:00:00.000,2022-05-10 19:58:03.000
554,553,3433,2021-05-25 00:00:00.000,2022-05-10 19:58:03.000
555,554,1994,2022-04-26 00:00:00.000,2022-05-10 19:58:03.000
556,555,9797,2021-03-17 00:00:00.000,2022-05-10 19:58:03.000
557,556,1620,2020-11-06 00:00:00.000,2022-05-10 19:58:03.000
558,557,793,2021-08-14 00:00:00.000,2022-05-10 19:58:03.000
559,558,9036,2020-10-25 00:00:00.000,2022-05-10 19:58:03.000
560,559,9819,2021-07-16 00:00:00.000,2022-05-10 19:58:03.000
561,560,7834,2021-03-21 00:00:00.000,2022-05-10 19:58:03.000
562,561,2814,2021-04-27 00:00:00.000,2022-05-10 19:58:03.000
563,562,6107,2020-06-06 00:00:00.000,2022-05-10 19:58:03.000
564,563,1291,2021-11-24 00:00:00.000,2022-05-10 19:58:03.000
565,564,3644,2020-06-11 00:00:00.000,2022-05-10 19:58:03.000
566,565,5527,2021-05-12 00:00:00.000,2022-05-10 19:58:03.000
567,566,4392,2021-03-26 00:00:00.000,2022-05-10 19:58:03.000
568,567,8413,2022-04-25 00:00:00.000,2022-05-10 19:58:03.000
569,568,1027,2022-05-10 00:00:00.000,2022-05-10 19:58:03.000
570,569,2547,2021-11-03 00:00:00.000,2022-05-10 19:58:03.000
571,570,366,2020-06-23 00:00:00.000,2022-05-10 19:58:03.000
572,571,2576,2021-08-27 00:00:00.000,2022-05-10 19:58:03.000
573,572,1663,2020-11-02 00:00:00.000,2022-05-10 19:58:03.000
574,573,5220,2021-04-27 00:00:00.000,2022-05-10 19:58:03.000
575,574,8620,2021-03-31 00:00:00.000,2022-05-10 19:58:03.000
576,575,4003,2022-01-14 00:00:00.000,2022-05-10 19:58:03.000
577,576,1159,2020-06-12 00:00:00.000,2022-05-10 19:58:03.000
578,577,3168,2020-09-09 00:00:00.000,2022-05-10 19:58:03.000
579,578,943,2021-03-09 00:00:00.000,2022-05-10 19:58:03.000
580,579,4002,2021-10-20 00:00:00.000,2022-05-10 19:58:03.000
581,580,6135,2022-04-05 00:00:00.000,2022-05-10 19:58:03.000
582,581,3977,2020-10-21 00:00:00.000,2022-05-10 19:58:03.000
583,582,7497,2020-05-10 00:00:00.000,2022-05-10 19:58:03.000
584,583,2646,2020-07-25 00:00:00.000,2022-05-10 19:58:03.000
585,584,8939,2020-11-27 00:00:00.000,2022-05-10 19:58:03.000
586,585,5137,2020-06-24 00:00:00.000,2022-05-10 19:58:03.000
587,586,199,2021-10-11 00:00:00.000,2022-05-10 19:58:03.000
588,587,2268,2020-12-01 00:00:00.000,2022-05-10 19:58:03.000
589,588,9160,2020-07-25 00:00:00.000,2022-05-10 19:58:03.000
590,589,7893,2021-06-11 00:00:00.000,2022-05-10 19:58:03.000
591,590,4605,2021-07-18 00:00:00.000,2022-05-10 19:58:03.000
592,591,7600,2021-10-15 00:00:00.000,2022-05-10 19:58:03.000
593,592,559,2020-11-30 00:00:00.000,2022-05-10 19:58:03.000
594,593,6103,2021-10-09 00:00:00.000,2022-05-10 19:58:03.000
595,594,8391,2022-04-04 00:00:00.000,2022-05-10 19:58:03.000
596,595,3937,2021-06-03 00:00:00.000,2022-05-10 19:58:03.000
597,596,359,2021-11-13 00:00:00.000,2022-05-10 19:58:03.000
598,597,2135,2021-09-07 00:00:00.000,2022-05-10 19:58:03.000
599,598,1098,2021-09-15 00:00:00.000,2022-05-10 19:58:03.000
600,599,4516,2021-02-27 00:00:00.000,2022-05-10 19:58:03.000
601,600,5743,2021-03-20 00:00:00.000,2022-05-10 19:58:03.000
602,601,3642,2021-10-11 00:00:00.000,2022-05-10 19:58:03.000
603,602,7902,2020-06-25 00:00:00.000,2022-05-10 19:58:03.000
604,603,8284,2022-04-22 00:00:00.000,2022-05-10 19:58:03.000
605,604,1176,2021-12-02 00:00:00.000,2022-05-10 19:58:03.000
606,605,7457,2021-12-29 00:00:00.000,2022-05-10 19:58:03.000
607,606,9820,2022-03-06 00:00:00.000,2022-05-10 19:58:03.000
608,607,2273,2020-06-13 00:00:00.000,2022-05-10 19:58:03.000
609,608,5171,2021-10-11 00:00:00.000,2022-05-10 19:58:03.000
610,609,334,2020-12-18 00:00:00.000,2022-05-10 19:58:03.000
611,610,5134,2022-02-19 00:00:00.000,2022-05-10 19:58:03.000
612,611,3983,2021-11-08 00:00:00.000,2022-05-10 19:58:03.000
613,612,1970,2021-11-30 00:00:00.000,2022-05-10 19:58:03.000
614,613,5374,2021-09-25 00:00:00.000,2022-05-10 19:58:03.000
615,614,984,2021-05-15 00:00:00.000,2022-05-10 19:58:03.000
616,615,7913,2021-10-14 00:00:00.000,2022-05-10 19:58:03.000
617,616,4292,2022-05-05 00:00:00.000,2022-05-10 19:58:03.000
618,617,9356,2021-10-24 00:00:00.000,2022-05-10 19:58:03.000
619,618,926,2020-12-14 00:00:00.000,2022-05-10 19:58:03.000
620,619,8271,2020-08-01 00:00:00.000,2022-05-10 19:58:03.000
621,620,1580,2021-11-05 00:00:00.000,2022-05-10 19:58:03.000
622,621,9608,2021-12-18 00:00:00.000,2022-05-10 19:58:03.000
623,622,1928,2021-08-14 00:00:00.000,2022-05-10 19:58:03.000
624,623,4701,2021-07-03 00:00:00.000,2022-05-10 19:58:03.000
625,624,9569,2020-06-16 00:00:00.000,2022-05-10 19:58:03.000
626,625,7328,2020-10-29 00:00:00.000,2022-05-10 19:58:03.000
627,626,8077,2021-07-13 00:00:00.000,2022-05-10 19:58:03.000
628,627,9392,2021-01-22 00:00:00.000,2022-05-10 19:58:03.000
629,628,7575,2021-07-26 00:00:00.000,2022-05-10 19:58:03.000
630,629,3883,2022-01-13 00:00:00.000,2022-05-10 19:58:03.000
631,630,673,2020-12-28 00:00:00.000,2022-05-10 19:58:03.000
632,631,3881,2021-07-08 00:00:00.000,2022-05-10 19:58:03.000
633,632,4275,2021-01-19 00:00:00.000,2022-05-10 19:58:03.000
634,633,8055,2020-10-19 00:00:00.000,2022-05-10 19:58:03.000
635,634,1383,2022-01-02 00:00:00.000,2022-05-10 19:58:03.000
636,635,3785,2021-02-17 00:00:00.000,2022-05-10 19:58:03.000
637,636,4700,2021-12-26 00:00:00.000,2022-05-10 19:58:03.000
638,637,6056,2021-10-21 00:00:00.000,2022-05-10 19:58:03.000
639,638,8750,2020-10-11 00:00:00.000,2022-05-10 19:58:03.000
640,639,9635,2022-02-19 00:00:00.000,2022-05-10 19:58:03.000
641,640,7415,2020-07-24 00:00:00.000,2022-05-10 19:58:03.000
642,641,9616,2022-04-09 00:00:00.000,2022-05-10 19:58:03.000
643,642,6740,2022-05-04 00:00:00.000,2022-05-10 19:58:03.000
644,643,5735,2020-07-06 00:00:00.000,2022-05-10 19:58:03.000
645,644,8301,2021-09-25 00:00:00.000,2022-05-10 19:58:03.000
646,645,8407,2021-10-10 00:00:00.000,2022-05-10 19:58:03.000
647,646,5859,2021-03-12 00:00:00.000,2022-05-10 19:58:03.000
648,647,3008,2020-12-02 00:00:00.000,2022-05-10 19:58:03.000
649,648,3940,2021-05-31 00:00:00.000,2022-05-10 19:58:03.000
650,649,8996,2022-01-01 00:00:00.000,2022-05-10 19:58:03.000
651,650,9097,2021-03-19 00:00:00.000,2022-05-10 19:58:03.000
652,651,7635,2021-10-02 00:00:00.000,2022-05-10 19:58:03.000
653,652,5993,2021-10-01 00:00:00.000,2022-05-10 19:58:03.000
654,653,2947,2020-08-22 00:00:00.000,2022-05-10 19:58:03.000
655,654,845,2021-03-15 00:00:00.000,2022-05-10 19:58:03.000
656,655,8824,2020-11-26 00:00:00.000,2022-05-10 19:58:03.000
657,656,2946,2021-02-24 00:00:00.000,2022-05-10 19:58:03.000
658,657,6248,2021-06-06 00:00:00.000,2022-05-10 19:58:03.000
659,658,8739,2020-07-01 00:00:00.000,2022-05-10 19:58:03.000
660,659,7725,2021-07-28 00:00:00.000,2022-05-10 19:58:03.000
661,660,5391,2021-07-03 00:00:00.000,2022-05-10 19:58:03.000
662,661,5713,2021-10-27 00:00:00.000,2022-05-10 19:58:03.000
663,662,5075,2021-06-03 00:00:00.000,2022-05-10 19:58:03.000
664,663,1100,2021-11-24 00:00:00.000,2022-05-10 19:58:03.000
665,664,4952,2021-01-02 00:00:00.000,2022-05-10 19:58:03.000
666,665,8669,2021-09-08 00:00:00.000,2022-05-10 19:58:03.000
667,666,9493,2022-03-20 00:00:00.000,2022-05-10 19:58:03.000
668,667,671,2021-04-23 00:00:00.000,2022-05-10 19:58:03.000
669,668,5673,2020-12-22 00:00:00.000,2022-05-10 19:58:03.000
670,669,871,2022-05-06 00:00:00.000,2022-05-10 19:58:03.000
671,670,60,2020-08-18 00:00:00.000,2022-05-10 19:58:03.000
672,671,8776,2020-10-29 00:00:00.000,2022-05-10 19:58:03.000
673,672,9413,2020-07-03 00:00:00.000,2022-05-10 19:58:03.000
674,673,1953,2021-10-17 00:00:00.000,2022-05-10 19:58:03.000
675,674,8092,2022-04-12 00:00:00.000,2022-05-10 19:58:03.000
676,675,2956,2020-06-13 00:00:00.000,2022-05-10 19:58:03.000
677,676,3893,2020-07-10 00:00:00.000,2022-05-10 19:58:03.000
678,677,4639,2021-02-18 00:00:00.000,2022-05-10 19:58:03.000
679,678,2351,2021-10-10 00:00:00.000,2022-05-10 19:58:03.000
680,679,49,2021-02-19 00:00:00.000,2022-05-10 19:58:03.000
681,680,6572,2020-08-11 00:00:00.000,2022-05-10 19:58:03.000
682,681,4864,2021-12-17 00:00:00.000,2022-05-10 19:58:03.000
683,682,2882,2021-10-09 00:00:00.000,2022-05-10 19:58:03.000
684,683,3935,2020-11-19 00:00:00.000,2022-05-10 19:58:03.000
685,684,6783,2020-12-19 00:00:00.000,2022-05-10 19:58:03.000
686,685,909,2022-01-10 00:00:00.000,2022-05-10 19:58:03.000
687,686,8005,2020-09-07 00:00:00.000,2022-05-10 19:58:03.000
688,687,4055,2022-02-18 00:00:00.000,2022-05-10 19:58:03.000
689,688,161,2021-12-11 00:00:00.000,2022-05-10 19:58:03.000
690,689,2941,2021-04-15 00:00:00.000,2022-05-10 19:58:03.000
691,690,8294,2021-05-22 00:00:00.000,2022-05-10 19:58:03.000
692,691,8028,2021-03-02 00:00:00.000,2022-05-10 19:58:03.000
693,692,4100,2020-12-26 00:00:00.000,2022-05-10 19:58:03.000
694,693,9586,2021-10-02 00:00:00.000,2022-05-10 19:58:03.000
695,694,5402,2021-02-06 00:00:00.000,2022-05-10 19:58:03.000
696,695,9391,2020-09-07 00:00:00.000,2022-05-10 19:58:03.000
697,696,6466,2021-07-20 00:00:00.000,2022-05-10 19:58:03.000
698,697,2075,2022-02-10 00:00:00.000,2022-05-10 19:58:03.000
699,698,3805,2020-07-22 00:00:00.000,2022-05-10 19:58:03.000
700,699,6014,2021-06-11 00:00:00.000,2022-05-10 19:58:03.000
701,700,8774,2022-01-24 00:00:00.000,2022-05-10 19:58:03.000
702,701,4484,2020-11-21 00:00:00.000,2022-05-10 19:58:03.000
703,702,4179,2021-02-18 00:00:00.000,2022-05-10 19:58:03.000
704,703,9132,2021-10-12 00:00:00.000,2022-05-10 19:58:03.000
705,704,6854,2020-09-18 00:00:00.000,2022-05-10 19:58:03.000
706,705,4815,2021-01-05 00:00:00.000,2022-05-10 19:58:03.000
707,706,3518,2020-09-09 00:00:00.000,2022-05-10 19:58:03.000
708,707,2599,2020-08-24 00:00:00.000,2022-05-10 19:58:03.000
709,708,8667,2020-06-14 00:00:00.000,2022-05-10 19:58:03.000
710,709,4136,2022-01-20 00:00:00.000,2022-05-10 19:58:03.000
711,710,7388,2021-02-06 00:00:00.000,2022-05-10 19:58:03.000
712,711,5966,2020-10-23 00:00:00.000,2022-05-10 19:58:03.000
713,712,4232,2020-11-10 00:00:00.000,2022-05-10 19:58:03.000
714,713,5411,2020-08-10 00:00:00.000,2022-05-10 19:58:03.000
715,714,5554,2021-03-30 00:00:00.000,2022-05-10 19:58:03.000
716,715,6660,2022-03-17 00:00:00.000,2022-05-10 19:58:03.000
717,716,483,2021-04-17 00:00:00.000,2022-05-10 19:58:03.000
718,717,7135,2021-12-30 00:00:00.000,2022-05-10 19:58:03.000
719,718,7300,2021-07-01 00:00:00.000,2022-05-10 19:58:03.000
720,719,4054,2020-10-24 00:00:00.000,2022-05-10 19:58:03.000
721,720,1907,2021-10-03 00:00:00.000,2022-05-10 19:58:03.000
722,721,7076,2021-06-09 00:00:00.000,2022-05-10 19:58:03.000
723,722,5623,2020-09-02 00:00:00.000,2022-05-10 19:58:03.000
724,723,5166,2021-11-19 00:00:00.000,2022-05-10 19:58:03.000
725,724,1527,2021-11-29 00:00:00.000,2022-05-10 19:58:03.000
726,725,3722,2021-06-18 00:00:00.000,2022-05-10 19:58:03.000
727,726,3099,2021-06-02 00:00:00.000,2022-05-10 19:58:03.000
728,727,2205,2021-08-01 00:00:00.000,2022-05-10 19:58:03.000
729,728,1574,2022-02-03 00:00:00.000,2022-05-10 19:58:03.000
730,729,4015,2022-03-08 00:00:00.000,2022-05-10 19:58:03.000
731,730,5758,2021-06-05 00:00:00.000,2022-05-10 19:58:03.000
732,731,1761,2020-11-11 00:00:00.000,2022-05-10 19:58:03.000
733,732,1731,2020-07-06 00:00:00.000,2022-05-10 19:58:03.000
734,733,8680,2021-07-14 00:00:00.000,2022-05-10 19:58:03.000
735,734,3705,2022-04-26 00:00:00.000,2022-05-10 19:58:03.000
736,735,1024,2021-12-08 00:00:00.000,2022-05-10 19:58:03.000
737,736,1671,2021-08-20 00:00:00.000,2022-05-10 19:58:03.000
738,737,2382,2021-12-04 00:00:00.000,2022-05-10 19:58:03.000
739,738,4984,2021-06-11 00:00:00.000,2022-05-10 19:58:03.000
740,739,3411,2021-07-24 00:00:00.000,2022-05-10 19:58:03.000
741,740,8469,2021-06-28 00:00:00.000,2022-05-10 19:58:03.000
742,741,3803,2020-09-30 00:00:00.000,2022-05-10 19:58:03.000
743,742,2036,2021-12-28 00:00:00.000,2022-05-10 19:58:03.000
744,743,3684,2021-11-28 00:00:00.000,2022-05-10 19:58:03.000
745,744,3992,2020-12-23 00:00:00.000,2022-05-10 19:58:03.000
746,745,6257,2021-09-03 00:00:00.000,2022-05-10 19:58:03.000
747,746,7206,2021-11-03 00:00:00.000,2022-05-10 19:58:03.000
748,747,5204,2021-02-21 00:00:00.000,2022-05-10 19:58:03.000
749,748,3661,2022-03-11 00:00:00.000,2022-05-10 19:58:03.000
750,749,9742,2021-10-31 00:00:00.000,2022-05-10 19:58:03.000
751,750,284,2021-07-10 00:00:00.000,2022-05-10 19:58:03.000
752,751,3390,2022-03-14 00:00:00.000,2022-05-10 19:58:03.000
753,752,8957,2020-08-22 00:00:00.000,2022-05-10 19:58:03.000
754,753,4786,2020-11-25 00:00:00.000,2022-05-10 19:58:03.000
755,754,6381,2021-12-22 00:00:00.000,2022-05-10 19:58:03.000
756,755,9578,2020-08-04 00:00:00.000,2022-05-10 19:58:03.000
757,756,5003,2022-03-11 00:00:00.000,2022-05-10 19:58:03.000
758,757,8372,2020-09-15 00:00:00.000,2022-05-10 19:58:03.000
759,758,1478,2020-12-29 00:00:00.000,2022-05-10 19:58:03.000
760,759,892,2021-09-19 00:00:00.000,2022-05-10 19:58:03.000
761,760,2660,2021-03-28 00:00:00.000,2022-05-10 19:58:03.000
762,761,2113,2020-09-12 00:00:00.000,2022-05-10 19:58:03.000
763,762,2442,2021-07-28 00:00:00.000,2022-05-10 19:58:03.000
764,763,1137,2022-04-10 00:00:00.000,2022-05-10 19:58:03.000
765,764,2935,2021-11-18 00:00:00.000,2022-05-10 19:58:03.000
766,765,9297,2022-02-13 00:00:00.000,2022-05-10 19:58:03.000
767,766,2167,2021-05-28 00:00:00.000,2022-05-10 19:58:03.000
768,767,7598,2020-06-09 00:00:00.000,2022-05-10 19:58:03.000
769,768,3678,2022-03-18 00:00:00.000,2022-05-10 19:58:03.000
770,769,6433,2020-07-24 00:00:00.000,2022-05-10 19:58:03.000
771,770,1700,2021-11-08 00:00:00.000,2022-05-10 19:58:03.000
772,771,8223,2022-03-15 00:00:00.000,2022-05-10 19:58:03.000
773,772,5926,2022-03-27 00:00:00.000,2022-05-10 19:58:03.000
774,773,6347,2021-06-15 00:00:00.000,2022-05-10 19:58:03.000
775,774,7529,2021-06-06 00:00:00.000,2022-05-10 19:58:03.000
776,775,4738,2022-03-28 00:00:00.000,2022-05-10 19:58:03.000
777,776,2353,2022-04-21 00:00:00.000,2022-05-10 19:58:03.000
778,777,1797,2021-11-20 00:00:00.000,2022-05-10 19:58:03.000
779,778,7495,2020-07-13 00:00:00.000,2022-05-10 19:58:03.000
780,779,9229,2021-06-24 00:00:00.000,2022-05-10 19:58:03.000
781,780,3519,2021-07-25 00:00:00.000,2022-05-10 19:58:03.000
782,781,9630,2021-02-04 00:00:00.000,2022-05-10 19:58:03.000
783,782,1138,2020-12-13 00:00:00.000,2022-05-10 19:58:03.000
784,783,3657,2021-12-11 00:00:00.000,2022-05-10 19:58:03.000
785,784,9935,2021-10-01 00:00:00.000,2022-05-10 19:58:03.000
786,785,6200,2020-11-12 00:00:00.000,2022-05-10 19:58:03.000
787,786,2665,2020-10-31 00:00:00.000,2022-05-10 19:58:03.000
788,787,7519,2021-12-09 00:00:00.000,2022-05-10 19:58:03.000
789,788,6413,2020-11-20 00:00:00.000,2022-05-10 19:58:03.000
790,789,5136,2020-08-11 00:00:00.000,2022-05-10 19:58:03.000
791,790,9569,2021-05-07 00:00:00.000,2022-05-10 19:58:03.000
792,791,4523,2020-08-09 00:00:00.000,2022-05-10 19:58:03.000
793,792,6895,2021-09-28 00:00:00.000,2022-05-10 19:58:03.000
794,793,9101,2021-05-31 00:00:00.000,2022-05-10 19:58:03.000
795,794,4526,2021-03-01 00:00:00.000,2022-05-10 19:58:03.000
796,795,577,2020-05-27 00:00:00.000,2022-05-10 19:58:03.000
797,796,2320,2022-01-14 00:00:00.000,2022-05-10 19:58:03.000
798,797,7590,2020-10-19 00:00:00.000,2022-05-10 19:58:03.000
799,798,2299,2020-12-20 00:00:00.000,2022-05-10 19:58:03.000
800,799,6925,2021-11-27 00:00:00.000,2022-05-10 19:58:03.000
801,800,3070,2022-01-05 00:00:00.000,2022-05-10 19:58:03.000
802,801,3371,2021-07-14 00:00:00.000,2022-05-10 19:58:03.000
803,802,1873,2022-02-19 00:00:00.000,2022-05-10 19:58:03.000
804,803,1820,2021-12-12 00:00:00.000,2022-05-10 19:58:03.000
805,804,4306,2020-07-20 00:00:00.000,2022-05-10 19:58:03.000
806,805,9763,2021-10-26 00:00:00.000,2022-05-10 19:58:03.000
807,806,8551,2020-08-03 00:00:00.000,2022-05-10 19:58:03.000
808,807,6274,2021-03-29 00:00:00.000,2022-05-10 19:58:03.000
809,808,8621,2021-07-14 00:00:00.000,2022-05-10 19:58:03.000
810,809,8000,2022-01-27 00:00:00.000,2022-05-10 19:58:03.000
811,810,4,2021-04-29 00:00:00.000,2022-05-10 19:58:03.000
812,811,9995,2021-07-15 00:00:00.000,2022-05-10 19:58:03.000
813,812,9836,2021-08-04 00:00:00.000,2022-05-10 19:58:03.000
814,813,4575,2020-07-14 00:00:00.000,2022-05-10 19:58:03.000
815,814,7913,2021-04-01 00:00:00.000,2022-05-10 19:58:03.000
816,815,9789,2021-10-11 00:00:00.000,2022-05-10 19:58:03.000
817,816,7720,2022-03-12 00:00:00.000,2022-05-10 19:58:03.000
818,817,2384,2021-12-11 00:00:00.000,2022-05-10 19:58:03.000
819,818,9052,2022-03-04 00:00:00.000,2022-05-10 19:58:03.000
820,819,5608,2022-04-14 00:00:00.000,2022-05-10 19:58:03.000
821,820,1902,2020-07-12 00:00:00.000,2022-05-10 19:58:03.000
822,821,8573,2020-12-12 00:00:00.000,2022-05-10 19:58:03.000
823,822,27,2020-09-24 00:00:00.000,2022-05-10 19:58:03.000
824,823,7579,2020-06-21 00:00:00.000,2022-05-10 19:58:03.000
825,824,8217,2021-08-01 00:00:00.000,2022-05-10 19:58:03.000
826,825,4126,2020-06-26 00:00:00.000,2022-05-10 19:58:03.000
827,826,8672,2022-05-09 00:00:00.000,2022-05-10 19:58:03.000
828,827,7600,2021-02-04 00:00:00.000,2022-05-10 19:58:03.000
829,828,2939,2021-05-17 00:00:00.000,2022-05-10 19:58:03.000
830,829,6159,2021-10-22 00:00:00.000,2022-05-10 19:58:03.000
831,830,8639,2020-12-10 00:00:00.000,2022-05-10 19:58:03.000
832,831,6010,2022-02-09 00:00:00.000,2022-05-10 19:58:03.000
833,832,5974,2020-07-07 00:00:00.000,2022-05-10 19:58:03.000
834,833,8372,2020-10-07 00:00:00.000,2022-05-10 19:58:03.000
835,834,9340,2020-08-02 00:00:00.000,2022-05-10 19:58:03.000
836,835,6218,2021-11-13 00:00:00.000,2022-05-10 19:58:03.000
837,836,2730,2021-12-02 00:00:00.000,2022-05-10 19:58:03.000
838,837,3642,2022-01-31 00:00:00.000,2022-05-10 19:58:03.000
839,838,4725,2020-07-20 00:00:00.000,2022-05-10 19:58:03.000
840,839,9667,2021-12-01 00:00:00.000,2022-05-10 19:58:03.000
841,840,9272,2022-04-14 00:00:00.000,2022-05-10 19:58:03.000
842,841,2523,2021-09-21 00:00:00.000,2022-05-10 19:58:03.000
843,842,9544,2021-01-19 00:00:00.000,2022-05-10 19:58:03.000
844,843,7182,2021-01-29 00:00:00.000,2022-05-10 19:58:03.000
845,844,1102,2020-11-06 00:00:00.000,2022-05-10 19:58:03.000
846,845,8775,2022-03-21 00:00:00.000,2022-05-10 19:58:03.000
847,846,4572,2020-11-22 00:00:00.000,2022-05-10 19:58:03.000
848,847,1395,2022-04-14 00:00:00.000,2022-05-10 19:58:03.000
849,848,5147,2021-02-12 00:00:00.000,2022-05-10 19:58:03.000
850,849,7246,2021-06-12 00:00:00.000,2022-05-10 19:58:03.000
851,850,8766,2020-08-21 00:00:00.000,2022-05-10 19:58:03.000
852,851,3857,2020-12-02 00:00:00.000,2022-05-10 19:58:03.000
853,852,7459,2020-06-27 00:00:00.000,2022-05-10 19:58:03.000
854,853,9971,2021-12-02 00:00:00.000,2022-05-10 19:58:03.000
855,854,375,2022-01-01 00:00:00.000,2022-05-10 19:58:03.000
856,855,9480,2020-06-24 00:00:00.000,2022-05-10 19:58:03.000
857,856,222,2020-07-18 00:00:00.000,2022-05-10 19:58:03.000
858,857,8535,2021-08-14 00:00:00.000,2022-05-10 19:58:03.000
859,858,553,2022-05-04 00:00:00.000,2022-05-10 19:58:03.000
860,859,5458,2021-09-19 00:00:00.000,2022-05-10 19:58:03.000
861,860,1907,2020-11-30 00:00:00.000,2022-05-10 19:58:03.000
862,861,5546,2022-04-15 00:00:00.000,2022-05-10 19:58:03.000
863,862,6303,2021-11-29 00:00:00.000,2022-05-10 19:58:03.000
864,863,9215,2020-10-02 00:00:00.000,2022-05-10 19:58:03.000
865,864,1000,2021-07-02 00:00:00.000,2022-05-10 19:58:03.000
866,865,7480,2020-08-23 00:00:00.000,2022-05-10 19:58:03.000
867,866,1902,2022-01-07 00:00:00.000,2022-05-10 19:58:03.000
868,867,3594,2021-06-24 00:00:00.000,2022-05-10 19:58:03.000
869,868,7445,2020-05-10 00:00:00.000,2022-05-10 19:58:03.000
870,869,636,2021-06-17 00:00:00.000,2022-05-10 19:58:03.000
871,870,4376,2021-11-29 00:00:00.000,2022-05-10 19:58:03.000
872,871,7084,2021-10-27 00:00:00.000,2022-05-10 19:58:03.000
873,872,7412,2021-11-01 00:00:00.000,2022-05-10 19:58:03.000
874,873,8307,2020-09-01 00:00:00.000,2022-05-10 19:58:03.000
875,874,8364,2021-04-04 00:00:00.000,2022-05-10 19:58:03.000
876,875,1195,2020-11-19 00:00:00.000,2022-05-10 19:58:03.000
877,876,9558,2022-02-08 00:00:00.000,2022-05-10 19:58:03.000
878,877,6984,2020-09-28 00:00:00.000,2022-05-10 19:58:03.000
879,878,9268,2021-02-28 00:00:00.000,2022-05-10 19:58:03.000
880,879,7679,2022-05-09 00:00:00.000,2022-05-10 19:58:03.000
881,880,2113,2022-04-17 00:00:00.000,2022-05-10 19:58:03.000
882,881,1388,2021-09-27 00:00:00.000,2022-05-10 19:58:03.000
883,882,9488,2021-09-29 00:00:00.000,2022-05-10 19:58:03.000
884,883,9003,2022-04-23 00:00:00.000,2022-05-10 19:58:03.000
885,884,8309,2022-03-29 00:00:00.000,2022-05-10 19:58:03.000
886,885,5176,2020-11-10 00:00:00.000,2022-05-10 19:58:03.000
887,886,3461,2021-02-07 00:00:00.000,2022-05-10 19:58:03.000
888,887,9468,2020-10-01 00:00:00.000,2022-05-10 19:58:03.000
889,888,8167,2021-06-16 00:00:00.000,2022-05-10 19:58:03.000
890,889,6274,2020-12-27 00:00:00.000,2022-05-10 19:58:03.000
891,890,667,2021-11-30 00:00:00.000,2022-05-10 19:58:03.000
892,891,7742,2021-06-12 00:00:00.000,2022-05-10 19:58:03.000
893,892,3107,2021-12-25 00:00:00.000,2022-05-10 19:58:03.000
894,893,8535,2020-10-16 00:00:00.000,2022-05-10 19:58:03.000
895,894,1650,2021-05-20 00:00:00.000,2022-05-10 19:58:03.000
896,895,9641,2021-11-29 00:00:00.000,2022-05-10 19:58:03.000
897,896,8387,2022-04-10 00:00:00.000,2022-05-10 19:58:03.000
898,897,1687,2022-01-28 00:00:00.000,2022-05-10 19:58:03.000
899,898,8061,2021-08-17 00:00:00.000,2022-05-10 19:58:03.000
900,899,5119,2022-05-07 00:00:00.000,2022-05-10 19:58:03.000
901,900,4539,2020-06-11 00:00:00.000,2022-05-10 19:58:03.000
902,901,2787,2021-08-14 00:00:00.000,2022-05-10 19:58:03.000
903,902,5145,2020-07-17 00:00:00.000,2022-05-10 19:58:03.000
904,903,1585,2022-02-06 00:00:00.000,2022-05-10 19:58:03.000
905,904,878,2020-08-28 00:00:00.000,2022-05-10 19:58:03.000
906,905,5054,2020-08-08 00:00:00.000,2022-05-10 19:58:03.000
907,906,4148,2022-01-08 00:00:00.000,2022-05-10 19:58:03.000
908,907,8620,2021-10-22 00:00:00.000,2022-05-10 19:58:03.000
909,908,1533,2021-04-15 00:00:00.000,2022-05-10 19:58:03.000
910,909,5686,2021-11-12 00:00:00.000,2022-05-10 19:58:03.000
911,910,7442,2022-03-07 00:00:00.000,2022-05-10 19:58:03.000
912,911,9027,2021-01-30 00:00:00.000,2022-05-10 19:58:03.000
913,912,9977,2020-11-17 00:00:00.000,2022-05-10 19:58:03.000
914,913,5536,2022-02-21 00:00:00.000,2022-05-10 19:58:03.000
915,914,5910,2020-07-11 00:00:00.000,2022-05-10 19:58:03.000
916,915,8538,2020-12-30 00:00:00.000,2022-05-10 19:58:03.000
917,916,58,2021-02-18 00:00:00.000,2022-05-10 19:58:03.000
918,917,2500,2020-08-05 00:00:00.000,2022-05-10 19:58:03.000
919,918,7669,2020-06-11 00:00:00.000,2022-05-10 19:58:03.000
920,919,2577,2021-03-02 00:00:00.000,2022-05-10 19:58:03.000
921,920,7111,2020-09-03 00:00:00.000,2022-05-10 19:58:03.000
922,921,9327,2021-09-15 00:00:00.000,2022-05-10 19:58:03.000
923,922,1027,2020-06-07 00:00:00.000,2022-05-10 19:58:03.000
924,923,5068,2022-04-29 00:00:00.000,2022-05-10 19:58:03.000
925,924,5413,2021-10-31 00:00:00.000,2022-05-10 19:58:03.000
926,925,9633,2022-04-25 00:00:00.000,2022-05-10 19:58:03.000
927,926,1458,2021-04-02 00:00:00.000,2022-05-10 19:58:03.000
928,927,9665,2021-07-01 00:00:00.000,2022-05-10 19:58:03.000
929,928,419,2020-09-18 00:00:00.000,2022-05-10 19:58:03.000
930,929,229,2021-07-09 00:00:00.000,2022-05-10 19:58:03.000
931,930,341,2021-08-13 00:00:00.000,2022-05-10 19:58:03.000
932,931,7776,2021-10-16 00:00:00.000,2022-05-10 19:58:03.000
933,932,9328,2021-05-29 00:00:00.000,2022-05-10 19:58:03.000
934,933,1109,2020-12-14 00:00:00.000,2022-05-10 19:58:03.000
935,934,2191,2020-06-04 00:00:00.000,2022-05-10 19:58:03.000
936,935,2950,2021-05-27 00:00:00.000,2022-05-10 19:58:03.000
937,936,4564,2021-02-23 00:00:00.000,2022-05-10 19:58:03.000
938,937,8354,2021-07-04 00:00:00.000,2022-05-10 19:58:03.000
939,938,2667,2020-06-29 00:00:00.000,2022-05-10 19:58:03.000
940,939,5740,2021-10-09 00:00:00.000,2022-05-10 19:58:03.000
941,940,8038,2020-10-14 00:00:00.000,2022-05-10 19:58:03.000
942,941,5812,2022-02-02 00:00:00.000,2022-05-10 19:58:03.000
943,942,7080,2020-05-26 00:00:00.000,2022-05-10 19:58:03.000
944,943,5014,2021-09-27 00:00:00.000,2022-05-10 19:58:03.000
945,944,1184,2020-07-24 00:00:00.000,2022-05-10 19:58:03.000
946,945,9114,2021-01-03 00:00:00.000,2022-05-10 19:58:03.000
947,946,410,2020-11-09 00:00:00.000,2022-05-10 19:58:03.000
948,947,4450,2020-07-14 00:00:00.000,2022-05-10 19:58:03.000
949,948,6998,2021-05-24 00:00:00.000,2022-05-10 19:58:03.000
950,949,5266,2021-06-16 00:00:00.000,2022-05-10 19:58:03.000
951,950,4260,2020-07-03 00:00:00.000,2022-05-10 19:58:03.000
952,951,1871,2021-06-03 00:00:00.000,2022-05-10 19:58:03.000
953,952,2116,2021-02-03 00:00:00.000,2022-05-10 19:58:03.000
954,953,8181,2021-09-05 00:00:00.000,2022-05-10 19:58:03.000
955,954,5080,2021-07-08 00:00:00.000,2022-05-10 19:58:03.000
956,955,3794,2021-06-27 00:00:00.000,2022-05-10 19:58:03.000
957,956,9365,2021-03-12 00:00:00.000,2022-05-10 19:58:03.000
958,957,3111,2021-09-17 00:00:00.000,2022-05-10 19:58:03.000
959,958,259,2021-09-26 00:00:00.000,2022-05-10 19:58:03.000
960,959,2831,2020-06-01 00:00:00.000,2022-05-10 19:58:03.000
961,960,8248,2020-06-26 00:00:00.000,2022-05-10 19:58:03.000
962,961,9946,2020-06-06 00:00:00.000,2022-05-10 19:58:03.000
963,962,5055,2020-12-04 00:00:00.000,2022-05-10 19:58:03.000
964,963,2062,2020-09-22 00:00:00.000,2022-05-10 19:58:03.000
965,964,3464,2021-09-10 00:00:00.000,2022-05-10 19:58:03.000
966,965,8847,2021-06-01 00:00:00.000,2022-05-10 19:58:03.000
967,966,4309,2020-06-16 00:00:00.000,2022-05-10 19:58:03.000
968,967,1137,2021-02-24 00:00:00.000,2022-05-10 19:58:03.000
969,968,5843,2020-09-30 00:00:00.000,2022-05-10 19:58:03.000
970,969,8817,2020-09-10 00:00:00.000,2022-05-10 19:58:03.000
971,970,8714,2021-04-03 00:00:00.000,2022-05-10 19:58:03.000
972,971,5484,2021-12-12 00:00:00.000,2022-05-10 19:58:03.000
973,972,74,2021-07-08 00:00:00.000,2022-05-10 19:58:03.000
974,973,3697,2022-03-25 00:00:00.000,2022-05-10 19:58:03.000
975,974,3744,2021-05-14 00:00:00.000,2022-05-10 19:58:03.000
976,975,8274,2021-10-05 00:00:00.000,2022-05-10 19:58:03.000
977,976,4460,2020-10-09 00:00:00.000,2022-05-10 19:58:03.000
978,977,2712,2021-12-20 00:00:00.000,2022-05-10 19:58:03.000
979,978,8332,2020-12-27 00:00:00.000,2022-05-10 19:58:03.000
980,979,524,2020-12-11 00:00:00.000,2022-05-10 19:58:03.000
981,980,9930,2020-05-22 00:00:00.000,2022-05-10 19:58:03.000
982,981,2986,2021-05-05 00:00:00.000,2022-05-10 19:58:03.000
983,982,7090,2020-05-17 00:00:00.000,2022-05-10 19:58:03.000
984,983,9681,2021-04-17 00:00:00.000,2022-05-10 19:58:03.000
985,984,3447,2020-11-17 00:00:00.000,2022-05-10 19:58:03.000
986,985,7575,2021-12-29 00:00:00.000,2022-05-10 19:58:03.000
987,986,4725,2021-06-11 00:00:00.000,2022-05-10 19:58:03.000
988,987,7661,2021-10-05 00:00:00.000,2022-05-10 19:58:03.000
989,988,6097,2021-03-16 00:00:00.000,2022-05-10 19:58:03.000
990,989,8508,2021-09-18 00:00:00.000,2022-05-10 19:58:03.000
991,990,7450,2022-01-27 00:00:00.000,2022-05-10 19:58:03.000
992,991,5772,2022-03-13 00:00:00.000,2022-05-10 19:58:03.000
993,992,8250,2022-01-25 00:00:00.000,2022-05-10 19:58:03.000
994,993,2508,2020-06-15 00:00:00.000,2022-05-10 19:58:03.000
995,994,4458,2021-10-13 00:00:00.000,2022-05-10 19:58:03.000
996,995,811,2020-06-05 00:00:00.000,2022-05-10 19:58:03.000
997,996,6389,2020-05-31 00:00:00.000,2022-05-10 19:58:03.000
998,997,281,2020-06-18 00:00:00.000,2022-05-10 19:58:03.000
999,998,6081,2021-03-23 00:00:00.000,2022-05-10 19:58:03.000
1000,999,9980,2021-10-07 00:00:00.000,2022-05-10 19:58:03.000
